"datasetid","authornum","fullname","author"
"ashby62","aut1","Ashby, W. C. ","Ashby"
"basler14","aut1","Basler, David ","Basler"
"basler12","aut1","Basler, David ","Basler"
"bernier81","aut1","Bernier, Georges","Bernier"
"biasi12","aut1","Biasi, L. A.","Biasi"
"biran73","aut1","Biran, I. ","Biran"
"boyer","aut1","Boyer, J. N. ","Boyer"
"bradford10","aut1","Bradford, Emma","Bradford"
"caffarra11a","aut1","Caffarra, Amelia ","Caffarra"
"caffarra11b","aut1","Caffarra, Amelia","Caffarra"
"calme94","aut1","Calme, Sophie","Calme"
"campbell75","aut1","Campbell, Robert K. ","Campbell"
"cannell83","aut1","Cannell, M. G. R. ","Cannell"
"cannell83","aut1","Cannell, M. G. R. ","Cannell"
"charrier11","aut1","Charrier, Guillaume","Charrier"
"chavarria09","aut1","Chavarria, Geraldo","Chavarria"
"cook00b","aut1","Cook, C. ","Cook"
"cook05","aut1","Cook, Nigel C.","Cook"
"cronje03","aut1","Cronje, P. J. R.","Cronje"
"dantec14","aut1","Dantec, Cecile F.","Dantec"
"devries82","aut1","De Vries, D. P.","De Vries"
"durner84","aut1","Durner, Edward F. ","Durner"
"falusi03","aut1","Falusi, Mauro ","Falusi"
"falusi97","aut1","Falusi, M. ","Falusi"
"falusi96","aut1","Falusi, M. ","Falusi"
"falusi90","aut1","Falusi, M. ","Falusi"
"fu13","aut1","Fu, Yongshuo H.","Fu"
"gomory15","aut1","Gomory, D.","Gomory"
"gansert02","aut1","Gansert, Dirk","Gansert"
"ghelardini10","aut1","Ghelardini, Luisa","Ghelardini"
"gianfagna85","aut1","Gianfagna, T. J. ","Gianfagna"
"granhus09","aut1","Granhus, Aksel","Granhus"
"guak98","aut1","Guak, Sunghee","Guak"
"guerriero90","aut1","Guerriero, P.","Guerriero"
"gunderson12","aut1","Gunderson, Carla A.","Gunderson"
"gutterman88","aut1","Gutterman, Yitzchak ","Gutterman"
"hawerroth13","aut1","Hawerroth, Fernando Jose","Hawerroth"
"hawkins12","aut1","Hawkins, Christopher D. B. ","Hawkins"
"heide03","aut1","Heide, O. M.","Heide"
"heide01","aut1","Heide, O. M.","Heide"
"heide93","aut1","Heide, O. M.","Heide"
"heide93a","aut1","Heide, O. M.","Heide"
"heide05","aut1","Heide, O. M. ","Heide"
"heide11","aut1","Heide, Ola M.","Heide"
"heide08","aut1","Heide, Ola M.","Heide"
"heide77","aut1","HEIDE, O. L. A.  M.","HEIDE"
"heide12","aut1","Heide, Ola M. ","Heide"
"heide07","aut1","Heide, Ola M. ","Heide"
"heide15","aut1","Heide, O. M. ","Heide"
"howe95","aut1","Howe, Glenn T.","Howe"
"jones12","aut1","Jones, H. G.","Jones"
"junttila12","aut1","Junttila, Olavi ","Junttila"
"karlsson03","aut1","Karlsson, P. S.","Karlsson"
"kinet93","aut1","Kinet, J. M.","Kinet"
"lamb37","aut1","Lamb, Robert C.","Lamb"
"laube14a","aut1","Laube, Julia","Laube"
"laube14b","aut1","Laube, Julia","Laube"
"li05","aut1","Li, Chunyang","Li"
"linkosalo06","aut1","Linkosalo, Tapio ","Linkosalo"
"lyndon77","aut1","Lyndon, R. F.","Lyndon"
"man10","aut1","Man, Rongzhou ","Man"
"manson91","aut1","Manson, P. I. ","Manson"
"morin10","aut1","Morin, Xavier","Morin"
"myking98","aut1","Myking, Tor","Myking"
"myking97","aut1","Myking, Tor","Myking"
"myking95","aut1","Myking, Tor ","Myking"
"nerd95","aut1","Nerd, A. ","Nerd"
"nienstaedt66","aut1","Nienstaedt, Hans","Nienstaedt"
"nishimoto95","aut1","Nishimoto, N. ","Nishimoto"
"okie11","aut1","Okie, William R. ","Okie"
"pagter15","aut1","Pagter, Majken","Pagter"
"partanen05","aut1","Partanen, Jouni","Partanen"
"partanen98","aut1","Partanen, Jouni","Partanen"
"partanen01","aut1","Partanen, Jouni","Partanen"
"pettersen71","aut1","Pettersen, H.","Pettersen"
"pop2000","aut1","Pop, Eric W.","Pop"
"runger81","aut1","Runger,  W.","Runger"
"ramos99","aut1","Ramos, A. ","Ramos"
"rinne97","aut1","Rinne, P.","Rinne"
"rinne94","aut1","Rinne, Paivi","Rinne"
"ruesink98","aut1","Ruesink, J. B.","Ruesink"
"sogaard08","aut1","Sogaard, Gunnhild","Sogaard"
"sonsteby13","aut1","Sonsteby, A. ","Sonsteby"
"sonsteby14","aut1","Sonsteby, Anita ","Sonsteby"
"sonsteby06","aut1","Sonsteby, Anita ","Sonsteby"
"","aut1","Sonsteby, Anita","Sonsteby"
"sanzperez10","aut1","Sanz-Perez, Virginia ","Sanz-Perez"
"sanzperez09","aut1","Sanz-Perez, V.","Sanz-Perez"
"schnabel87","aut1","Schnabel, Barbara J. ","Schnabel"
"skre08","aut1","Skre, Oddvar","Skre"
"skuterud94","aut1","Skuterud, Roar","Skuterud"
"smeets82","aut1","Smeets, L.","Smeets"
"smeets80","aut1","Smeets, L.","Smeets"
"spann04","aut1","Spann, Timothy M.","Spann"
"spiers74","aut1","Spiers, J. M. ","Spiers"
"swartz81","aut1","Swartz, H. J. ","Swartz"
"takimoto64","aut1","Takimoto, Atsushi ","Takimoto"
"thielges75","aut1","Thielges, B. A. ","Thielges"
"verheul07","aut1","Verheul, Michel J.","Verheul"
"viheraaarnio06","aut1","Vihera-Aarnio,  Anneli","Vihera-Aarnio"
"webb78","aut1","Webb, D.  Paul","Webb"
"worrall67","aut1","Worrall, John ","Worrall"
"yazdaniha64","aut1","Yazdaniha, Ataollah","Yazdaniha"
"","aut1","Zohner, C. M","Zohner"
"ashby62","aut2"," others"," others"
"basler14","aut2"," Korner"," Korner"
"basler12","aut2"," Korner"," Korner"
"bernier81","aut2"," Havelange, Andree"," Havelange"
"biasi12","aut2"," Zanette, F. "," Zanette"
"biran73","aut2"," Halevy, A. H."," Halevy"
"boyer","aut2"," South, D. B."," South"
"bradford10","aut2"," Hancock, James F. "," Hancock"
"caffarra11a","aut2"," Donnelly, Alison"," Donnelly"
"caffarra11b","aut2"," Donnelly, Alison"," Donnelly"
"calme94","aut2"," Bigras, Francine J."," Bigras"
"campbell75","aut2"," Sugano, Albert I."," Sugano"
"cannell83","aut2"," Smith, R. I."," Smith"
"cannell83","aut2"," Smith, R. I."," Smith"
"charrier11","aut2"," Bonhomme, Marc"," Bonhomme"
"chavarria09","aut2"," Herter, Flavio Gilberto"," Herter"
"cook00b","aut2"," Jacobs, Gerard"," Jacobs"
"cook05","aut2"," Bellen, An"," Bellen"
"cronje03","aut2"," Jacobs, G."," Jacobs"
"dantec14","aut2"," Vitasse, Yann"," Vitasse"
"devries82","aut2"," Smeets, L. "," Smeets"
"durner84","aut2"," Poling, E.  Barclay"," Poling"
"falusi03","aut2"," Calamassi, Roberto"," Calamassi"
"falusi97","aut2"," Calamassi, R."," Calamassi"
"falusi96","aut2"," Calamassi, R."," Calamassi"
"falusi90","aut2"," Calamassi, R."," Calamassi"
"fu13","aut2"," Campioli, Matteo"," Campioli"
"gomory15","aut2"," Foffova, E."," Foffova"
"ghelardini10","aut2"," Santini, Alberto"," Santini"
"gianfagna85","aut2"," Mehlenbacher, S. A."," Mehlenbacher"
"granhus09","aut2"," FlOistad, Inger Sundheim "," FlOistad"
"guak98","aut2"," Olsyzk, David M."," Olsyzk"
"guerriero90","aut2"," Scalabrelli, G. "," Scalabrelli"
"gunderson12","aut2"," Edwards, Nelson T."," Edwards"
"gutterman88","aut2"," Boeken, Bertrand"," Boeken"
"hawerroth13","aut2"," Herter, Flavio Gilberto"," Herter"
"hawkins12","aut2"," Dhar, Amalesh"," Dhar"
"heide05","aut2"," Prestrud, A. K."," Prestrud"
"heide12","aut2"," Sonsteby, Anita"," Sonsteby"
"heide07","aut2"," Sonsteby, Anita"," Sonsteby"
"heide15","aut2"," Sonsteby, A."," Sonsteby"
"howe95","aut2"," Hackett, Wesley P."," Hackett"
"jones12","aut2"," Hillis, R. M."," Hillis"
"junttila12","aut2"," HanninenH, H."," HanninenH"
"karlsson03","aut2"," Bylund, H."," Bylund"
"laube14a","aut2"," Sparks, Tim H."," Sparks"
"laube14b","aut2"," Sparks, Tim H."," Sparks"
"li05","aut2"," Welling, Annikki"," Welling"
"linkosalo06","aut2"," Lechowicz, Martin J."," Lechowicz"
"man10","aut2"," Lu, Pengxin"," Lu"
"manson91","aut2"," Snelgar, W. P."," Snelgar"
"morin10","aut2"," Roy, Jacques"," Roy"
"myking95","aut2"," Heide, O. M."," Heide"
"nerd95","aut2"," Mizrahi, Y."," Mizrahi"
"nishimoto95","aut2"," Fujisaki, M."," Fujisaki"
"okie11","aut2"," Blackburn, Bryan"," Blackburn"
"pagter15","aut2"," Andersen, Uffe Brandt "," Andersen"
"partanen05","aut2"," HanninenH, Heikki"," HanninenH"
"partanen98","aut2"," Koski, Veikko "," Koski"
"partanen01","aut2"," Leinonen, Ilkka "," Leinonen"
"pop2000","aut2"," Oberbauer, Steven F. "," Oberbauer"
"runger81","aut2"," Fuhrer"," Fuhrer"
"ramos99","aut2"," Rallo, L."," Rallo"
"rinne97","aut2"," HanninenH,  H."," HanninenH"
"rinne94","aut2"," Saarelainen, Annikki "," Saarelainen"
"sogaard08","aut2"," Johnsen, Oystein"," Johnsen"
"sonsteby13","aut2"," Heide, O. M."," Heide"
"sonsteby14","aut2"," Heide, Ola M."," Heide"
"sonsteby06","aut2"," Heide, Ola M."," Heide"
"","aut2"," Opstad, Nina"," Opstad"
"sanzperez10","aut2"," Castro-D\iez, Pilar"," Castro-D\iez"
"sanzperez09","aut2"," Castro-Diez, P. "," Castro-Diez"
"schnabel87","aut2"," Wample, Robert L."," Wample"
"skre08","aut2"," Taulavuori, Kari"," Taulavuori"
"skuterud94","aut2"," Dietrichson, Jon "," Dietrichson"
"spann04","aut2"," Williamson, Jeffrey G. "," Williamson"
"spiers74","aut2"," Draper, A. D."," Draper"
"swartz81","aut2"," Powell Jr, L. E."," Powell Jr"
"takimoto64","aut2"," Hamner, Karl C."," Hamner"
"thielges75","aut2"," Beck, R. C."," Beck"
"verheul07","aut2"," Sonsteby, Anita "," Sonsteby"
"viheraaarnio06","aut2"," Hakkinen,  Risto "," Hakkinen"
"worrall67","aut2"," Mergen, Franccois"," Mergen"
"","aut2","Benito, B. M.","Benito"
"bernier81","aut3"," Houssa, Claude"," Houssa"
"biasi12","aut3"," Carvalho, R. I. N."," Carvalho"
"bradford10","aut3"," Warner, Ryan M."," Warner"
"caffarra11b","aut3"," Chuine, Isabelle "," Chuine"
"calme94","aut3"," Margolis, Hank A. "," Margolis"
"charrier11","aut3"," Lacointe, Andre "," Lacointe"
"chavarria09","aut3"," Raseira, Maria do Carmo Bassols"," Raseira"
"cook05","aut3"," Cronje, Paul J. R."," Cronje"
"cronje03","aut3"," Sadie, A. "," Sadie"
"dantec14","aut3"," Bonhomme, Marc"," Bonhomme"
"devries82","aut3"," Dubois, Lidwien A. M."," Dubois"
"fu13","aut3"," Deckmyn, Gaby "," Deckmyn"
"gomory15","aut3"," Longauer,  Roma"," Longauer"
"ghelardini10","aut3"," Black-Samuelsson, Sanna"," Black-Samuelsson"
"granhus09","aut3"," SOgaard, Gunnhild"," SOgaard"
"guak98","aut3"," Fuchigami, Leslie H. "," Fuchigami"
"guerriero90","aut3"," Grazzini, G."," Grazzini"
"gunderson12","aut3"," Walker, Ashley V."," Walker"
"hawerroth13","aut3"," Petri, Jose Luiz"," Petri"
"howe95","aut3"," Furnier, Glenn R. "," Furnier"
"jones12","aut3"," Gordon, S. L. "," Gordon"
"karlsson03","aut3"," Neuvonen, S."," Neuvonen"
"laube14a","aut3"," Estrella, Nicole"," Estrella"
"laube14b","aut3"," Estrella, Nicole "," Estrella"
"li05","aut3"," Puhakainen, Tuula"," Puhakainen"
"morin10","aut3"," Sonie, Laurette "," Sonie"
"pagter15","aut3"," Andersen, Lillie"," Andersen"
"partanen05","aut3"," HanninenR, R."," HanninenR"
"partanen98","aut3"," HanninenH, Heikki"," HanninenH"
"partanen01","aut3"," Repo, Tapani"," Repo"
"pop2000","aut3"," Starr, Gregory"," Starr"
"rinne97","aut3"," Kaikuranta,  P."," Kaikuranta"
"rinne94","aut3"," Junttila, Olavi"," Junttila"
"sogaard08","aut3"," Nilsen, Jarle "," Nilsen"
"","aut3"," Myrheim, Unni "," Myrheim"
"sanzperez09","aut3"," Valladares, F."," Valladares"
"skre08","aut3"," Taulavuori, Erja"," Taulavuori"
"skuterud94","aut3"," others"," others"
"spann04","aut3"," Darnell, Rebecca L."," Darnell"
"verheul07","aut3"," Grimstad, Svein O."," Grimstad"
"viheraaarnio06","aut3"," Junttila, Olavi"," Junttila"
"","aut3","Svenning, J. C.","Svenning"
"bernier81","aut4"," Petitjean, Anne "," Petitjean"
"caffarra11b","aut4"," Jones, Mike B."," Jones"
"calme94","aut4"," Hebert, Carole"," Hebert"
"charrier11","aut4"," Ameglio, Thierry"," Ameglio"
"chavarria09","aut4"," Rodrigues, Alexandre Couto"," Rodrigues"
"cook05","aut4"," De Wit, Inge"," De Wit"
"cronje03","aut4"," Cook, N. C."," Cook"
"dantec14","aut4"," Louvet, Jean-Marc"," Louvet"
"fu13","aut4"," Janssens, Ivan A."," Janssens"
"gomory15","aut4"," Krajmerova, D."," Krajmerova"
"ghelardini10","aut4"," Myking, Tor "," Myking"
"guak98","aut4"," Tingey, David T."," Tingey"
"gunderson12","aut4"," OHara, Keiran H."," OHara"
"hawerroth13","aut4"," Marafon, Anderson Carlos "," Marafon"
"howe95","aut4"," Klevorn, Richard E."," Klevorn"
"jones12","aut4"," Brennan, R. M."," Brennan"
"karlsson03","aut4"," Heino, S. "," Heino"
"laube14a","aut4"," Hofler,  Josef"," Hofler"
"laube14b","aut4"," Menzel, Annette"," Menzel"
"li05","aut4"," Vihera-Aarnio"," Vihera-Aarnio"
"morin10","aut4"," Chuine, Isabelle"," Chuine"
"rinne97","aut4"," Jalonen,  J. E. "," Jalonen"
"sogaard08","aut4"," Junttila, Olavi"," Junttila"
"","aut4"," Heide, Ola M."," Heide"
"skre08","aut4"," Nilsen, Jarle"," Nilsen"
"","aut4"," Renner, S. S."," Renner"
"bernier81","aut5"," Lejeune, Pierre"," Lejeune"
"chavarria09","aut5"," Reisser, Carlos "," Reisser"
"cook05","aut5"," Keulemans, Wannes"," Keulemans"
"dantec14","aut5"," Kremer, Antoine "," Kremer"
"ghelardini10","aut5"," Falusi, Mauro"," Falusi"
"gunderson12","aut5"," Campion, Christina M. "," Campion"
"hawerroth13","aut5"," Leonetti, Jeison Furtado"," Leonetti"
"karlsson03","aut5"," Tjus, M."," Tjus"
"laube14a","aut5"," Ankerst, Donna P. "," Ankerst"
"rinne97","aut5"," Repo, T."," Repo"
"skre08","aut5"," Igeland, Bernt "," Igeland"
"chavarria09","aut6"," Silva, Jo~ao Baptista da"," Silva"
"cook05","aut6"," Van den Putte, An "," Van den Putte"
"dantec14","aut6"," Delzon, Sylvain"," Delzon"
"gunderson12","aut6"," Hanson, Paul J."," Hanson"
"laube14a","aut6"," Menzel, Annette"," Menzel"
"skre08","aut6"," Laine, Kari"," Laine"
"cook05","aut7"," Steyn, Wiehann"," Steyn"
