"key","freq","V1","V2"
" de wit van den putte",1," de wit"," van den putte"
" de witbellen",1,"bellen"," de wit"
" de witcook",1," de wit","cook"
" de witcronje",1,"cronje"," de wit"
" de witkeulemans",1," de wit","keulemans"
" de witsteyn",1," de wit","steyn"
" powell jrswartz",1," powell jr","swartz"
" van den puttebellen",1,"bellen"," van den putte"
" van den puttecook",1," van den putte","cook"
" van den puttecronje",1,"cronje"," van den putte"
" van den puttekeulemans",1,"keulemans"," van den putte"
" van den puttesteyn",1,"steyn"," van den putte"
"amegliobonhomme",1,"ameglio","bonhomme"
"amegliocharrier",1,"ameglio","charrier"
"amegliolacointe",1,"ameglio","lacointe"
"andersenandersen",1,"andersen","andersen"
"andersenpagter",2,"andersen","pagter"
"ankerstestrella",1,"ankerst","estrella"
"ankersthofler",1,"ankerst","hofler"
"ankerstlaube",1,"ankerst","laube"
"ankerstmenzel",1,"ankerst","menzel"
"ankerstsparks",1,"ankerst","sparks"
"ashbyothers",1,"others","ashby"
"baslerkorner",2,"korner","basler"
"beckthielges",1,"beck","thielges"
"bellencook",1,"bellen","cook"
"bellencronje",1,"bellen","cronje"
"bellenkeulemans",1,"bellen","keulemans"
"bellensteyn",1,"bellen","steyn"
"benitoheide",1,"heide","benito"
"benitomyrheim",1,"myrheim","benito"
"benitoopstad",1,"opstad","benito"
"benitorenner",1,"renner","benito"
"benitosonsteby",1,"benito","sonsteby"
"benitosvenning",1,"benito","svenning"
"benitozohner",1,"benito","zohner"
"bernierhavelange",1,"havelange","bernier"
"bernierhoussa",1,"houssa","bernier"
"bernierlejeune",1,"lejeune","bernier"
"bernierpetitjean",1,"petitjean","bernier"
"biasicarvalho",1,"carvalho","biasi"
"biasizanette",1,"zanette","biasi"
"bigrascalme",1,"bigras","calme"
"bigrashebert",1,"bigras","hebert"
"bigrasmargolis",1,"bigras","margolis"
"biranhalevy",1,"halevy","biran"
"black-samuelssonfalusi",1,"black-samuelsson","falusi"
"black-samuelssonghelardini",1,"black-samuelsson","ghelardini"
"black-samuelssonmyking",1,"black-samuelsson","myking"
"black-samuelssonsantini",1,"black-samuelsson","santini"
"blackburnokie",1,"blackburn","okie"
"boekengutterman",1,"boeken","gutterman"
"bonhommecharrier",1,"bonhomme","charrier"
"bonhommedantec",1,"bonhomme","dantec"
"bonhommedelzon",1,"bonhomme","delzon"
"bonhommekremer",1,"bonhomme","kremer"
"bonhommelacointe",1,"bonhomme","lacointe"
"bonhommelouvet",1,"bonhomme","louvet"
"bonhommevitasse",1,"bonhomme","vitasse"
"boyersouth",1,"south","boyer"
"bradfordhancock",1,"hancock","bradford"
"bradfordwarner",1,"warner","bradford"
"brennangordon",1,"brennan","gordon"
"brennanhillis",1,"brennan","hillis"
"brennanjones",1,"brennan","jones"
"bylundheino",1,"bylund","heino"
"bylundkarlsson",1,"bylund","karlsson"
"bylundneuvonen",1,"bylund","neuvonen"
"bylundtjus",1,"bylund","tjus"
"caffarrachuine",1,"chuine","caffarra"
"caffarradonnelly",2,"donnelly","caffarra"
"caffarrajones",1,"jones","caffarra"
"calamassifalusi",4,"calamassi","falusi"
"calmehebert",1,"hebert","calme"
"calmemargolis",1,"margolis","calme"
"campbellsugano",1,"sugano","campbell"
"campiolideckmyn",1,"campioli","deckmyn"
"campiolifu",1,"campioli","fu"
"campiolijanssens",1,"campioli","janssens"
"campionedwards",1,"campion","edwards"
"campiongunderson",1,"campion","gunderson"
"campionhanson",1,"campion","hanson"
"campionohara",1,"campion","ohara"
"campionwalker",1,"campion","walker"
"cannellcannell",1,"cannell","cannell"
"cannellsmith",4,"smith","cannell"
"carvalhozanette",1,"carvalho","zanette"
"castro-d\iezsanz-perez",1,"castro-d\iez","sanz-perez"
"castro-diezsanz-perez",1,"castro-diez","sanz-perez"
"castro-diezvalladares",1,"castro-diez","valladares"
"charrierlacointe",1,"lacointe","charrier"
"chavarriaherter",1,"herter","chavarria"
"chavarriaraseira",1,"raseira","chavarria"
"chavarriareisser",1,"reisser","chavarria"
"chavarriarodrigues",1,"rodrigues","chavarria"
"chavarriasilva",1,"silva","chavarria"
"chuinedonnelly",1,"chuine","donnelly"
"chuinejones",1,"chuine","jones"
"chuinemorin",1,"chuine","morin"
"chuineroy",1,"chuine","roy"
"chuinesonie",1,"chuine","sonie"
"cookcronje",2,"cronje","cook"
"cookjacobs",2,"jacobs","cook"
"cookkeulemans",1,"keulemans","cook"
"cooksadie",1,"cook","sadie"
"cooksteyn",1,"steyn","cook"
"cronjejacobs",1,"jacobs","cronje"
"cronjekeulemans",1,"cronje","keulemans"
"cronjesadie",1,"sadie","cronje"
"cronjesteyn",1,"cronje","steyn"
"dantecdelzon",1,"delzon","dantec"
"danteckremer",1,"kremer","dantec"
"danteclouvet",1,"louvet","dantec"
"dantecvitasse",1,"vitasse","dantec"
"darnellspann",1,"darnell","spann"
"darnellwilliamson",1,"darnell","williamson"
"de vriesdubois",1,"dubois","de vries"
"de vriessmeets",1,"smeets","de vries"
"deckmynfu",1,"deckmyn","fu"
"deckmynjanssens",1,"deckmyn","janssens"
"delzonkremer",1,"delzon","kremer"
"delzonlouvet",1,"delzon","louvet"
"delzonvitasse",1,"delzon","vitasse"
"dharhawkins",1,"dhar","hawkins"
"dietrichsonothers",1,"dietrichson","others"
"dietrichsonskuterud",1,"dietrichson","skuterud"
"donnellyjones",1,"donnelly","jones"
"draperspiers",1,"draper","spiers"
"duboissmeets",1,"dubois","smeets"
"durnerpoling",1,"poling","durner"
"edwardsgunderson",1,"edwards","gunderson"
"edwardshanson",1,"edwards","hanson"
"edwardsohara",1,"edwards","ohara"
"edwardswalker",1,"edwards","walker"
"estrellahofler",1,"estrella","hofler"
"estrellalaube",2,"estrella","laube"
"estrellamenzel",2,"estrella","menzel"
"estrellasparks",2,"estrella","sparks"
"falusighelardini",1,"falusi","ghelardini"
"falusimyking",1,"falusi","myking"
"falusisantini",1,"falusi","santini"
"floistadgranhus",1,"floistad","granhus"
"floistadsogaard",1,"floistad","sogaard"
"foffovagomory",1,"foffova","gomory"
"foffovakrajmerova",1,"foffova","krajmerova"
"foffovalongauer",1,"foffova","longauer"
"fuchigamiguak",1,"fuchigami","guak"
"fuchigamiolsyzk",1,"fuchigami","olsyzk"
"fuchigamitingey",1,"fuchigami","tingey"
"fuhrerrunger",1,"fuhrer","runger"
"fujanssens",1,"janssens","fu"
"fujisakinishimoto",1,"fujisaki","nishimoto"
"furnierhackett",1,"furnier","hackett"
"furnierhowe",1,"furnier","howe"
"furnierklevorn",1,"furnier","klevorn"
"ghelardinimyking",1,"myking","ghelardini"
"ghelardinisantini",1,"santini","ghelardini"
"gianfagnamehlenbacher",1,"mehlenbacher","gianfagna"
"gomorykrajmerova",1,"krajmerova","gomory"
"gomorylongauer",1,"longauer","gomory"
"gordonhillis",1,"gordon","hillis"
"gordonjones",1,"gordon","jones"
"granhussogaard",1,"sogaard","granhus"
"grazziniguerriero",1,"grazzini","guerriero"
"grazziniscalabrelli",1,"grazzini","scalabrelli"
"grimstadsonsteby",1,"grimstad","sonsteby"
"grimstadverheul",1,"grimstad","verheul"
"guakolsyzk",1,"olsyzk","guak"
"guaktingey",1,"tingey","guak"
"guerrieroscalabrelli",1,"scalabrelli","guerriero"
"gundersonhanson",1,"hanson","gunderson"
"gundersonohara",1,"ohara","gunderson"
"gundersonwalker",1,"walker","gunderson"
"hacketthowe",1,"hackett","howe"
"hackettklevorn",1,"hackett","klevorn"
"hakkinenjunttila",1,"hakkinen","junttila"
"hakkinenvihera-aarnio",1,"hakkinen","vihera-aarnio"
"hamnertakimoto",1,"hamner","takimoto"
"hancockwarner",1,"hancock","warner"
"hanninenhhanninenr",1,"hanninenh","hanninenr"
"hanninenhjalonen",1,"hanninenh","jalonen"
"hanninenhjunttila",1,"hanninenh","junttila"
"hanninenhkaikuranta",1,"hanninenh","kaikuranta"
"hanninenhkoski",1,"hanninenh","koski"
"hanninenhpartanen",2,"hanninenh","partanen"
"hanninenhrepo",1,"hanninenh","repo"
"hanninenhrinne",1,"hanninenh","rinne"
"hanninenrpartanen",1,"hanninenr","partanen"
"hansonohara",1,"hanson","ohara"
"hansonwalker",1,"hanson","walker"
"havelangehoussa",1,"havelange","houssa"
"havelangelejeune",1,"havelange","lejeune"
"havelangepetitjean",1,"havelange","petitjean"
"hawerrothherter",1,"herter","hawerroth"
"hawerrothleonetti",1,"leonetti","hawerroth"
"hawerrothmarafon",1,"marafon","hawerroth"
"hawerrothpetri",1,"petri","hawerroth"
"hebertmargolis",1,"hebert","margolis"
"heidemyking",1,"heide","myking"
"heidemyrheim",1,"heide","myrheim"
"heideopstad",1,"heide","opstad"
"heideprestrud",1,"prestrud","heide"
"heiderenner",1,"heide","renner"
"heidesonsteby",7,"sonsteby","heide"
"heidesvenning",1,"heide","svenning"
"heidezohner",1,"heide","zohner"
"heinokarlsson",1,"heino","karlsson"
"heinoneuvonen",1,"heino","neuvonen"
"heinotjus",1,"heino","tjus"
"herterleonetti",1,"herter","leonetti"
"hertermarafon",1,"herter","marafon"
"herterpetri",1,"herter","petri"
"herterraseira",1,"herter","raseira"
"herterreisser",1,"herter","reisser"
"herterrodrigues",1,"herter","rodrigues"
"hertersilva",1,"herter","silva"
"hillisjones",1,"hillis","jones"
"hoflerlaube",1,"hofler","laube"
"hoflermenzel",1,"hofler","menzel"
"hoflersparks",1,"hofler","sparks"
"houssalejeune",1,"houssa","lejeune"
"houssapetitjean",1,"houssa","petitjean"
"howeklevorn",1,"klevorn","howe"
"igelandlaine",1,"igeland","laine"
"igelandnilsen",1,"igeland","nilsen"
"igelandskre",1,"igeland","skre"
"igelandtaulavuori",2,"igeland","taulavuori"
"jacobssadie",1,"jacobs","sadie"
"jalonenkaikuranta",1,"jalonen","kaikuranta"
"jalonenrepo",1,"jalonen","repo"
"jalonenrinne",1,"jalonen","rinne"
"johnsenjunttila",1,"johnsen","junttila"
"johnsennilsen",1,"johnsen","nilsen"
"johnsensogaard",1,"johnsen","sogaard"
"junttilanilsen",1,"junttila","nilsen"
"junttilarinne",1,"junttila","rinne"
"junttilasaarelainen",1,"junttila","saarelainen"
"junttilasogaard",1,"junttila","sogaard"
"junttilavihera-aarnio",1,"junttila","vihera-aarnio"
"kaikurantarepo",1,"kaikuranta","repo"
"kaikurantarinne",1,"kaikuranta","rinne"
"karlssonneuvonen",1,"neuvonen","karlsson"
"karlssontjus",1,"tjus","karlsson"
"keulemanssteyn",1,"keulemans","steyn"
"koskipartanen",1,"koski","partanen"
"krajmerovalongauer",1,"krajmerova","longauer"
"kremerlouvet",1,"kremer","louvet"
"kremervitasse",1,"kremer","vitasse"
"lainenilsen",1,"laine","nilsen"
"laineskre",1,"laine","skre"
"lainetaulavuori",2,"laine","taulavuori"
"laubemenzel",2,"menzel","laube"
"laubesparks",2,"sparks","laube"
"lechowiczlinkosalo",1,"lechowicz","linkosalo"
"leinonenpartanen",1,"leinonen","partanen"
"leinonenrepo",1,"leinonen","repo"
"lejeunepetitjean",1,"lejeune","petitjean"
"leonettimarafon",1,"leonetti","marafon"
"leonettipetri",1,"leonetti","petri"
"lipuhakainen",1,"puhakainen","li"
"livihera-aarnio",1,"vihera-aarnio","li"
"liwelling",1,"welling","li"
"louvetvitasse",1,"louvet","vitasse"
"luman",1,"lu","man"
"mansonsnelgar",1,"snelgar","manson"
"marafonpetri",1,"marafon","petri"
"menzelsparks",2,"menzel","sparks"
"mergenworrall",1,"mergen","worrall"
"mizrahinerd",1,"mizrahi","nerd"
"morinroy",1,"roy","morin"
"morinsonie",1,"sonie","morin"
"mykingsantini",1,"myking","santini"
"myrheimopstad",1,"myrheim","opstad"
"myrheimrenner",1,"myrheim","renner"
"myrheimsonsteby",1,"myrheim","sonsteby"
"myrheimsvenning",1,"myrheim","svenning"
"myrheimzohner",1,"myrheim","zohner"
"neuvonentjus",1,"neuvonen","tjus"
"nilsenskre",1,"nilsen","skre"
"nilsensogaard",1,"nilsen","sogaard"
"nilsentaulavuori",2,"nilsen","taulavuori"
"oberbauerpop",1,"oberbauer","pop"
"oberbauerstarr",1,"oberbauer","starr"
"oharawalker",1,"ohara","walker"
"olsyzktingey",1,"olsyzk","tingey"
"opstadrenner",1,"opstad","renner"
"opstadsonsteby",1,"opstad","sonsteby"
"opstadsvenning",1,"opstad","svenning"
"opstadzohner",1,"opstad","zohner"
"othersskuterud",1,"others","skuterud"
"partanenrepo",1,"repo","partanen"
"popstarr",1,"starr","pop"
"puhakainenvihera-aarnio",1,"puhakainen","vihera-aarnio"
"puhakainenwelling",1,"puhakainen","welling"
"ralloramos",1,"rallo","ramos"
"raseirareisser",1,"raseira","reisser"
"raseirarodrigues",1,"raseira","rodrigues"
"raseirasilva",1,"raseira","silva"
"reisserrodrigues",1,"reisser","rodrigues"
"reissersilva",1,"reisser","silva"
"rennersonsteby",1,"renner","sonsteby"
"rennersvenning",1,"renner","svenning"
"rennerzohner",1,"renner","zohner"
"reporinne",1,"repo","rinne"
"rinnesaarelainen",1,"saarelainen","rinne"
"rodriguessilva",1,"rodrigues","silva"
"roysonie",1,"roy","sonie"
"sanz-perezvalladares",1,"valladares","sanz-perez"
"schnabelwample",1,"wample","schnabel"
"skretaulavuori",2,"taulavuori","skre"
"smithsmith",1,"smith","smith"
"sonstebysvenning",1,"sonsteby","svenning"
"sonstebyverheul",1,"sonsteby","verheul"
"sonstebyzohner",1,"sonsteby","zohner"
"spannwilliamson",1,"williamson","spann"
"svenningzohner",1,"svenning","zohner"
"taulavuoritaulavuori",1,"taulavuori","taulavuori"
"vihera-aarniowelling",1,"vihera-aarnio","welling"
