Species_name,genus,species,Family,GF
Abelmoschus_esculentus,Abelmoschus,esculentus,Malvaceae,herb
Abelmoschus_manihot,Abelmoschus,manihot,Malvaceae,herb
Abelmoschus_moschatus,Abelmoschus,moschatus,Malvaceae,herb
Abutilon_theophrasti,Abutilon,theophrasti,Malvaceae,herb
Acca_sellowiana,Acca,sellowiana,Myrtaceae,woody
Acmella_oleracea,Acmella,oleracea,Asteraceae,herb
Actinidia_chinensis,Actinidia,chinensis,Actinidiaceae,woody
Actinidia_kolomikta,Actinidia,kolomikta,Actinidiaceae,woody
Actinidia_polygama,Actinidia,polygama,Actinidiaceae,woody
Adenandra_fragrans,Adenandra,fragrans,Rutaceae,woody
Allium_ampeloprasum,Allium,ampeloprasum,Amaryllidaceae,herb
Allium_cepa,Allium,cepa,Amaryllidaceae,herb
Allium_chinense,Allium,chinense,Amaryllidaceae,herb
Allium_fistulosum,Allium,fistulosum,Amaryllidaceae,herb
Allium_ledebourianum,Allium,ledebourianum,Amaryllidaceae,herb
Allium_macrostemon,Allium,macrostemon,Amaryllidaceae,herb
Allium_ramosum,Allium,ramosum,Amaryllidaceae,herb
Allium_sativum,Allium,sativum,Amaryllidaceae,herb
Allium_schoenoprasum,Allium,schoenoprasum,Amaryllidaceae,herb
Allium_scorodoprasum,Allium,scorodoprasum,Amaryllidaceae,herb
Allium_tuberosum,Allium,tuberosum,Amaryllidaceae,herb
Allophylus_cobbe,Allophylus,cobbe,Sapindaceae,woody
Alocasia_cucullata,Alocasia,cucullata,Araceae,herb
Alocasia_macrorrhizos,Alocasia,macrorrhizos,Araceae,herb
Alpinia_galanga,Alpinia,galanga,Zingiberaceae,herb
Alpinia_malaccensis,Alpinia,malaccensis,Zingiberaceae,herb
Amaranthus_caudatus,Amaranthus,caudatus,Amaranthaceae,herb
Amaranthus_cruentus,Amaranthus,cruentus,Amaranthaceae,herb
Amaranthus_dubius,Amaranthus,dubius,Amaranthaceae,herb
Amaranthus_tricolor,Amaranthus,tricolor,Amaranthaceae,herb
Ammi_majus,Ammi,majus,Apiaceae,herb
Amomum_compactum,Amomum,compactum,Zingiberaceae,herb
Amomum_verum,Amomum,verum,Zingiberaceae,herb
Amorphophallus_harmandii,Amorphophallus,harmandii,Araceae,herb
Amorphophallus_konjac,Amorphophallus,konjac,Araceae,herb
Amorphophallus_paeoniifolius,Amorphophallus,paeoniifolius,Araceae,herb
Anacardium_occidentale,Anacardium,occidentale,Anacardiaceae,woody
Ananas_comosus,Ananas,comosus,Bromeliaceae,herb
Ananas_parguazensis,Ananas,parguazensis,Bromeliaceae,herb
Anethum_graveolens,Anethum,graveolens,Apiaceae,herb
Angelica_archangelica,Angelica,archangelica,Apiaceae,herb
Annona_cherimola,Annona,cherimola,Annonaceae,woody
Annona_muricata,Annona,muricata,Annonaceae,woody
Annona_squamosa,Annona,squamosa,Annonaceae,woody
Anredera_baselloides,Anredera,baselloides,Basellaceae,herb
Anredera_cordifolia,Anredera,cordifolia,Basellaceae,herb
Anthoxanthum_odoratum,Anthoxanthum,odoratum,Poaceae,graminoid
Anthriscus_cerefolium,Anthriscus,cerefolium,Apiaceae,herb
Antidesma_bunius,Antidesma,bunius,Phyllanthaceae,woody
Apium_carvi,Apium,carvi,Apiaceae,herb
Aralia_cordata,Aralia,cordata,Araliaceae,herb
Arctium_lappa,Arctium,lappa,Asteraceae,herb
Areca_catechu,Areca,catechu,Arecaceae,woody
Arenga_pinnata,Arenga,pinnata,Arecaceae,woody
Argania_spinosa,Argania,spinosa,Sapotaceae,woody
Armoracia_rusticana,Armoracia,rusticana,Brassicaceae,herb
Arracacia_xanthorrhiza,Arracacia,xanthorrhiza,Apiaceae,herb
Arrhenatherum_elatius,Arrhenatherum,elatius,Poaceae,graminoid
Artocarpus_heterophyllus,Artocarpus,heterophyllus,Moraceae,woody
Artocarpus_integer,Artocarpus,integer,Moraceae,woody
Asparagus_officinalis,Asparagus,officinalis,Asparagaceae,herb
Atriplex_hortensis,Atriplex,hortensis,Amaranthaceae,herb
Avena_abyssinica,Avena,abyssinica,Poaceae,graminoid
Avena_sativa,Avena,sativa,Poaceae,graminoid
Averrhoa_bilimbi,Averrhoa,bilimbi,Oxalidaceae,woody
Averrhoa_carambola,Averrhoa,carambola,Oxalidaceae,woody
Baccaurea_dulcis,Baccaurea,dulcis,Phyllanthaceae,woody
Baccaurea_motleyana,Baccaurea,motleyana,Phyllanthaceae,woody
Baccaurea_racemosa,Baccaurea,racemosa,Phyllanthaceae,woody
Baccaurea_ramiflora,Baccaurea,ramiflora,Phyllanthaceae,woody
Bactris_gasipaes,Bactris,gasipaes,Arecaceae,woody
Bambusa_bambos,Bambusa,bambos,Poaceae,graminoid
Bambusa_horsfieldii,Bambusa,horsfieldii,Poaceae,graminoid
Bambusa_multiplex,Bambusa,multiplex,Poaceae,graminoid
Bambusa_odashimae,Bambusa,odashimae,Poaceae,graminoid
Bambusa_vulgaris,Bambusa,vulgaris,Poaceae,graminoid
Barbarea_verna,Barbarea,verna,Brassicaceae,herb
Barbarea_vulgaris,Barbarea,vulgaris,Brassicaceae,herb
Basella_alba,Basella,alba,Basellaceae,herb
Bassia_indica,Bassia,indica,Amaranthaceae,herb
Berberis_vulgaris,Berberis,vulgaris,Berberidaceae,woody
Bergenia_crassifolia,Bergenia,crassifolia,Saxifragaceae,herb
Bertholletia_excelsa,Bertholletia,excelsa,Lecythidaceae,woody
Beta_palonga,Beta,palonga,Amaranthaceae,herb
Beta_vulgaris,Beta,vulgaris,Amaranthaceae,herb
Bixa_orellana,Bixa,orellana,Bixaceae,woody
Boesenbergia_rotunda,Boesenbergia,rotunda,Zingiberaceae,herb
Bouea_macrophylla,Bouea,macrophylla,Anacardiaceae,woody
Brasenia_schreberi,Brasenia,schreberi,Cabombaceae,herb
Brassica_juncea,Brassica,juncea,Brassicaceae,herb
Brassica_napus,Brassica,napus,Brassicaceae,herb
Brassica_nigra,Brassica,nigra,Brassicaceae,herb
Brassica_oleracea,Brassica,oleracea,Brassicaceae,herb
Brassica_rapa,Brassica,rapa,Brassicaceae,herb
Bromus_secalinus,Bromus,secalinus,Poaceae,graminoid
Brosimum_alicastrum,Brosimum,alicastrum,Moraceae,woody
Bunchosia_armeniaca,Bunchosia,armeniaca,Malpighiaceae,woody
Bunchosia_costaricensis,Bunchosia,costaricensis,Malpighiaceae,woody
Bunium_bulbocastanum,Bunium,bulbocastanum,Apiaceae,herb
Cajanus_cajan,Cajanus,cajan,Fabaceae,woody
Calathea_allouia,Calathea,allouia,Marantaceae,herb
Calystegia_sepium,Calystegia,sepium,Convolvulaceae,herb
Camellia_sinensis,Camellia,sinensis,Theaceae,woody
Campanula_rapunculus,Campanula,rapunculus,Campanulaceae,herb
Campomanesia_guaviroba,Campomanesia,guaviroba,Myrtaceae,woody
Campomanesia_lineatifolia,Campomanesia,lineatifolia,Myrtaceae,woody
Canarium_album,Canarium,album,Burseraceae,woody
Canarium_indicum,Canarium,indicum,Burseraceae,woody
Canavalia_cathartica,Canavalia,cathartica,Fabaceae,herb
Canavalia_ensiformis,Canavalia,ensiformis,Fabaceae,herb
Canavalia_gladiata,Canavalia,gladiata,Fabaceae,herb
Canna_indica,Canna,indica,Cannaceae,herb
Capparis_spinosa,Capparis,spinosa,Capparaceae,woody
Capsicum_annuum,Capsicum,annuum,Solanaceae,herb
Capsicum_baccatum,Capsicum,baccatum,Solanaceae,herb
Capsicum_chinense,Capsicum,chinense,Solanaceae,herb
Capsicum_pubescens,Capsicum,pubescens,Solanaceae,herb
Cardiocrinum_cordatum,Cardiocrinum,cordatum,Liliaceae,herb
Carica_papaya,Carica,papaya,Caricaceae,woody
Carica_pentagona,Carica,pentagona,Caricaceae,woody
Carum_carvi,Carum,carvi,Apiaceae,herb
Carum_roxburghianum,Carum,roxburghianum,Apiaceae,herb
Carya_cathayensis,Carya,cathayensis,Juglandaceae,woody
Carya_illinoinensis,Carya,illinoinensis,Juglandaceae,woody
Caryocar_nuciferum,Caryocar,nuciferum,Caryocaraceae,woody
Casimiroa_edulis,Casimiroa,edulis,Rutaceae,woody
Castanea_crenata,Castanea,crenata,Fagaceae,woody
Castanea_mollissima,Castanea,mollissima,Fagaceae,woody
Castanea_sativa,Castanea,sativa,Fagaceae,woody
Celosia_argentea,Celosia,argentea,Amaranthaceae,herb
Cephalostachyum_capitatum,Cephalostachyum,capitatum,Poaceae,graminoid
Ceratotheca_sesamoides,Ceratotheca,sesamoides,Pedaliaceae,herb
Cereus_hexagonus,Cereus,hexagonus,Cactaceae,woody
Chaerophyllum_bulbosum,Chaerophyllum,bulbosum,Apiaceae,herb
Chamaedorea_tepejilote,Chamaedorea,tepejilote,Arecaceae,woody
Chenopodium_album,Chenopodium,album,Amaranthaceae,herb
Chenopodium_bonus-henricus,Chenopodium,bonus-henricus,Amaranthaceae,herb
Chenopodium_capitatum,Chenopodium,capitatum,Amaranthaceae,herb
Chenopodium_foliosum,Chenopodium,foliosum,Amaranthaceae,herb
Chenopodium_pallidicaule,Chenopodium,pallidicaule,Amaranthaceae,herb
Chenopodium_quinoa,Chenopodium,quinoa,Amaranthaceae,herb
Chionachne_gigantea,Chionachne,gigantea,Poaceae,graminoid
Chloranthus_spicatus,Chloranthus,spicatus,Chloranthaceae,herb
Chrysanthemum_morifolium,Chrysanthemum,morifolium,Asteraceae,herb
Chrysobalanus_icaco,Chrysobalanus,icaco,Chrysobalanaceae,woody
Chrysophyllum_africanum,Chrysophyllum,africanum,Sapotaceae,woody
Chrysophyllum_cainito,Chrysophyllum,cainito,Sapotaceae,woody
Cicer_arietinum,Cicer,arietinum,Fabaceae,herb
Cichorium_endivia,Cichorium,endivia,Asteraceae,herb
Cichorium_intybus,Cichorium,intybus,Asteraceae,herb
Cinnamomum_burmanni,Cinnamomum,burmanni,Lauraceae,woody
Cinnamomum_tamala,Cinnamomum,tamala,Lauraceae,woody
Cinnamomum_verum,Cinnamomum,verum,Lauraceae,woody
Citrullus_lanatus,Citrullus,lanatus,Cucurbitaceae,herb
Citrus_aurantiifolia,Citrus,aurantiifolia,Rutaceae,woody
Citrus_aurantium,Citrus,aurantium,Rutaceae,woody
Citrus_hystrix,Citrus,hystrix,Rutaceae,woody
Citrus_jambhiri,Citrus,jambhiri,Rutaceae,woody
Citrus_japonica,Citrus,japonica,Rutaceae,woody
Citrus_limon,Citrus,limon,Rutaceae,woody
Citrus_maxima,Citrus,maxima,Rutaceae,woody
Citrus_medica,Citrus,medica,Rutaceae,woody
Citrus_mitis,Citrus,mitis,Rutaceae,woody
Citrus_paradisi,Citrus,paradisi,Rutaceae,woody
Citrus_reticulata,Citrus,reticulata,Rutaceae,woody
Citrus_sinensis,Citrus,sinensis,Rutaceae,woody
Clausena_dentata,Clausena,dentata,Rutaceae,woody
Clausena_lansium,Clausena,lansium,Rutaceae,woody
Claytonia_perfoliata,Claytonia,perfoliata,Montiaceae,herb
Cnidoscolus_aconitifolius,Cnidoscolus,aconitifolius,Euphorbiaceae,woody
Coccoloba_uvifera,Coccoloba,uvifera,Polygonaceae,woody
Cocos_nucifera,Cocos,nucifera,Arecaceae,woody
Coffea_arabica,Coffea,arabica,Rubiaceae,woody
Coffea_canephora,Coffea,canephora,Rubiaceae,woody
Coffea_congensis,Coffea,congensis,Rubiaceae,woody
Coffea_eugenioides,Coffea,eugenioides,Rubiaceae,woody
Coffea_liberica,Coffea,liberica,Rubiaceae,woody
Colocasia_esculenta,Colocasia,esculenta,Araceae,herb
Combretum_indicum,Combretum,indicum,Combretaceae,woody
Corchorus_trilocularis,Corchorus,trilocularis,Malvaceae,herb
Cordia_dodecandra,Cordia,dodecandra,Boraginaceae,woody
Cordyline_fruticosa,Cordyline,fruticosa,Asparagaceae,woody
Corylus_avellana,Corylus,avellana,Betulaceae,woody
Corylus_chinensis,Corylus,chinensis,Betulaceae,woody
Corylus_heterophylla,Corylus,heterophylla,Betulaceae,woody
Corylus_sieboldiana,Corylus,sieboldiana,Betulaceae,woody
Crambe_maritima,Crambe,maritima,Brassicaceae,herb
Crataegus_azarolus,Crataegus,azarolus,Rosaceae,woody
Crataegus_orientalis,Crataegus,orientalis,Rosaceae,woody
Crotalaria_longirostrata,Crotalaria,longirostrata,Fabaceae,woody
Croton_tiglium,Croton,tiglium,Euphorbiaceae,woody
Cucumis_melo,Cucumis,melo,Cucurbitaceae,herb
Cucumis_sativus,Cucumis,sativus,Cucurbitaceae,herb
Cucurbita_argyrosperma,Cucurbita,argyrosperma,Cucurbitaceae,herb
Cucurbita_ficifolia,Cucurbita,ficifolia,Cucurbitaceae,herb
Cucurbita_maxima,Cucurbita,maxima,Cucurbitaceae,herb
Cucurbita_moschata,Cucurbita,moschata,Cucurbitaceae,herb
Cucurbita_pepo,Cucurbita,pepo,Cucurbitaceae,herb
Curcuma_heyneana,Curcuma,heyneana,Zingiberaceae,herb
Curcuma_pierreana,Curcuma,pierreana,Zingiberaceae,herb
Curcuma_zanthorrhiza,Curcuma,zanthorrhiza,Zingiberaceae,herb
Cyamopsis_tetragonoloba,Cyamopsis,tetragonoloba,Fabaceae,herb
Cyclanthera_pedata,Cyclanthera,pedata,Cucurbitaceae,herb
Cyperus_articulatus,Cyperus,articulatus,Cyperaceae,graminoid
Cyperus_cyperoides,Cyperus,cyperoides,Cyperaceae,graminoid
Cyperus_esculentus,Cyperus,esculentus,Cyperaceae,graminoid
Cyphomandra_betacea,Cyphomandra,betacea,Solanaceae,woody
Cyphomandra_crassifolia,Cyphomandra,crassifolia,Solanaceae,woody
Cyrtosperma_merkusii,Cyrtosperma,merkusii,Arecaceae,herb
Dahlia_pinnata,Dahlia,pinnata,Asteraceae,herb
Daucus_carota,Daucus,carota,Apiaceae,herb
Dendrocalamus_asper,Dendrocalamus,asper,Poaceae,graminoid
Dendrocalamus_latiflorus,Dendrocalamus,latiflorus,Poaceae,graminoid
Desmodium_discolor,Desmodium,discolor,Fabaceae,woody
Desmodium_intortum,Desmodium,intortum,Fabaceae,herb
Desmodium_uncinatum,Desmodium,uncinatum,Fabaceae,herb
Digitaria_sanguinalis,Digitaria,sanguinalis,Poaceae,graminoid
Dioscorea_alata,Dioscorea,alata,Dioscoreaceae,herb
Dioscorea_bulbifera,Dioscorea,bulbifera,Dioscoreaceae,herb
Dioscorea_esculenta,Dioscorea,esculenta,Dioscoreaceae,herb
Dioscorea_flabellifolia,Dioscorea,flabellifolia,Dioscoreaceae,herb
Dioscorea_japonica,Dioscorea,japonica,Dioscoreaceae,herb
Dioscorea_nummularia,Dioscorea,nummularia,Dioscoreaceae,herb
Dioscorea_oppositifolia,Dioscorea,oppositifolia,Dioscoreaceae,herb
Dioscorea_pentaphylla,Dioscorea,pentaphylla,Dioscoreaceae,herb
Dioscorea_piperifolia,Dioscorea,piperifolia,Dioscoreaceae,herb
Dioscorea_quartiniana,Dioscorea,quartiniana,Dioscoreaceae,herb
Dioscorea_trifida,Dioscorea,trifida,Dioscoreaceae,herb
Diospyros_discolor,Diospyros,discolor,Ebenaceae,woody
Diospyros_ebenum,Diospyros,ebenum,Ebenaceae,woody
Diospyros_kaki,Diospyros,kaki,Ebenaceae,woody
Diospyros_lotus,Diospyros,lotus,Ebenaceae,woody
Diospyros_major,Diospyros,major,Ebenaceae,woody
Diospyros_virginiana,Diospyros,virginiana,Ebenaceae,woody
Dipteryx_odorata,Dipteryx,odorata,Fabaceae,woody
Dovyalis_hebecarpa,Dovyalis,hebecarpa,Salicaceae,woody
Durio_oxleyanus,Durio,oxleyanus,Malvaceae,woody
Durio_zibethinus,Durio,zibethinus,Malvaceae,woody
Dysphania_ambrosioides,Dysphania,ambrosioides,Amaranthaceae,herb
Echinochloa_colona,Echinochloa,colona,Poaceae,graminoid
Echinochloa_crus-pavonis,Echinochloa,crus-pavonis,Poaceae,graminoid
Echinochloa_esculenta,Echinochloa,esculenta,Poaceae,graminoid
Echinochloa_frumentacea,Echinochloa,frumentacea,Poaceae,graminoid
Elaeagnus_multiflora,Elaeagnus,multiflora,Elaeagnaceae,woody
Elaeagnus_pungens,Elaeagnus,pungens,Elaeagnaceae,woody
Elaeagnus_umbellata,Elaeagnus,umbellata,Elaeagnaceae,woody
Elaeis_guineensis,Elaeis,guineensis,Arecaceae,woody
Elaeocarpus_floribundus,Elaeocarpus,floribundus,Elaeocarpaceae,woody
Eleocharis_dulcis,Eleocharis,dulcis,Cyperaceae,graminoid
Elettariopsis_cardamomum,Elettariopsis,cardamomum,Zingiberaceae,herb
Eleusine_coracana,Eleusine,coracana,Poaceae,graminoid
Elymus_repens,Elymus,repens,Poaceae,graminoid
Enydra_fluctuans,Enydra,fluctuans,Asteraceae,herb
Erioglossum_rubiginosum,Erioglossum,rubiginosum,Sapindaceae,woody
Eruca_vesicaria,Eruca,vesicaria,Brassicaceae,herb
Etlingera_elatior,Etlingera,elatior,Zingiberaceae,herb
Eugenia_pyriformis,Eugenia,pyriformis,Myrtaceae,woody
Eugenia_uniflora,Eugenia,uniflora,Myrtaceae,woody
Euryale_ferox,Euryale,ferox,Nymphaeaceae,herb
Eutrema_japonicum,Eutrema,japonicum,Brassicaceae,herb
Feronia_limonia,Feronia,limonia,Rutaceae,woody
Ficus_auriculata,Ficus,auriculata,Moraceae,woody
Flacourtia_indica,Flacourtia,indica,Salicaceae,woody
Flacourtia_rukam,Flacourtia,rukam,Salicaceae,woody
Fragaria_ananassa,Fragaria,ananassa,Rosaceae,herb
Fragaria_chiloensis,Fragaria,chiloensis,Rosaceae,herb
Fragaria_moschata,Fragaria,moschata,Rosaceae,herb
Fragaria_virginiana,Fragaria,virginiana,Rosaceae,herb
Fragaria_viridis,Fragaria,viridis,Rosaceae,herb
Galega_officinalis,Galega,officinalis,Fabaceae,herb
Garcinia_cochinchinensis,Garcinia,cochinchinensis,Clusiaceae,woody
Garcinia_dulcis,Garcinia,dulcis,Clusiaceae,woody
Garcinia_indica,Garcinia,indica,Clusiaceae,woody
Garcinia_mangostana,Garcinia,mangostana,Clusiaceae,woody
Garcinia_multiflora,Garcinia,multiflora,Clusiaceae,woody
Garcinia_pedunculata,Garcinia,pedunculata,Clusiaceae,woody
Garcinia_xanthochymus,Garcinia,xanthochymus,Clusiaceae,woody
Gigantochloa_ligulata,Gigantochloa,ligulata,Poaceae,graminoid
Glebionis_coronaria,Glebionis,coronaria,Asteraceae,herb
Glebionis_segetum,Glebionis,segetum,Asteraceae,herb
Gleditsia_japonica,Gleditsia,japonica,Fabaceae,woody
Glycine_max,Glycine,max,Fabaceae,herb
Glycyrrhiza_echinata,Glycyrrhiza,echinata,Fabaceae,herb
Glycyrrhiza_glabra,Glycyrrhiza,glabra,Fabaceae,herb
Glycyrrhiza_uralensis,Glycyrrhiza,uralensis,Fabaceae,herb
Grewia_asiatica,Grewia,asiatica,Malvaceae,woody
Gymnema_inodorum,Gymnema,inodorum,Apocynaceae,woody
Helianthus_annuus,Helianthus,annuus,Asteraceae,herb
Helianthus_tuberosus,Helianthus,tuberosus,Asteraceae,herb
Hibiscus_radiatus,Hibiscus,radiatus,Malvaceae,herb
Hordeum_vulgare,Hordeum,vulgare,Poaceae,graminoid
Houttuynia_cordata,Houttuynia,cordata,Saururaceae,herb
Humulus_lupulus,Humulus,lupulus,Cannabaceae,herb
Hydrolea_zeylanica,Hydrolea,zeylanica,Hydroleaceae,herb
Hyptis_suaveolens,Hyptis,suaveolens,Lamiaceae,herb
Ilex_paraguariensis,Ilex,paraguariensis,Aquifoliaceae,woody
Ilex_paraguayensis,Ilex,paraguayensis,Aquifoliaceae,woody
Inga_edulis,Inga,edulis,Fabaceae,woody
Inga_feuilleei,Inga,feuilleei,Fabaceae,woody
Inga_laurina,Inga,laurina,Fabaceae,woody
Inocarpus_fagifer,Inocarpus,fagifer,Fabaceae,woody
Inula_racemosa,Inula,racemosa,Asteraceae,herb
Ipomoea_aquatica,Ipomoea,aquatica,Convolvulaceae,herb
Ipomoea_batatas,Ipomoea,batatas,Convolvulaceae,herb
Ipomoea_eriocarpa,Ipomoea,eriocarpa,Convolvulaceae,herb
Ipomoea_mammosa,Ipomoea,mammosa,Convolvulaceae,herb
Jasminum_sambac,Jasminum,sambac,Oleaceae,woody
Juglans_ailanthifolia,Juglans,ailanthifolia,Juglandaceae,woody
Juglans_mollis,Juglans,mollis,Juglandaceae,woody
Juglans_regia,Juglans,regia,Juglandaceae,woody
Kaempferia_galanga,Kaempferia,galanga,Zingiberaceae,herb
Kaempferia_rotunda,Kaempferia,rotunda,Zingiberaceae,herb
Lactuca_angustana,Lactuca,angustana,Asteraceae,herb
Lactuca_indica,Lactuca,indica,Asteraceae,herb
Lactuca_sativa,Lactuca,sativa,Asteraceae,herb
Lathyrus_sylvestris,Lathyrus,sylvestris,Fabaceae,herb
Lathyrus_tuberosus,Lathyrus,tuberosus,Fabaceae,herb
Launaea_taraxacifolia,Launaea,taraxacifolia,Asteraceae,herb
Lepidium_meyenii,Lepidium,meyenii,Brassicaceae,herb
Lepidium_sativum,Lepidium,sativum,Brassicaceae,herb
Leptospermum_laevigatum,Leptospermum,laevigatum,Myrtaceae,woody
Leucaena_leucocephala,Leucaena,leucocephala,Fabaceae,woody
Levisticum_officinale,Levisticum,officinale,Apiaceae,herb
Lilium_auratum,Lilium,auratum,Liliaceae,herb
Lilium_lancifolium,Lilium,lancifolium,Liliaceae,herb
Lilium_leichtlinii,Lilium,leichtlinii,Liliaceae,herb
Linaria_japonica,Linaria,japonica,Plantaginaceae,herb
Linum_usitatissimum,Linum,usitatissimum,Linaceae,herb
Lippia_adoensis,Lippia,adoensis,Verbenaceae,woody
Litchi_chinensis,Litchi,chinensis,Sapindaceae,woody
Litsea_calophylla,Litsea,calophylla,Lauraceae,woody
Lupinus_ananeanus,Lupinus,ananeanus,Fabaceae,woody
Lupinus_cosentinii,Lupinus,cosentinii,Fabaceae,herb
Lupinus_mutabilis,Lupinus,mutabilis,Fabaceae,herb
Lupinus_tauris,Lupinus,tauris,Fabaceae,woody
Lycium_chinense,Lycium,chinense,Solanaceae,woody
Lysiloma_latisiliquum,Lysiloma,latisiliquum,Fabaceae,woody
Macadamia_integrifolia,Macadamia,integrifolia,Proteaceae,woody
Macrotyloma_uniflorum,Macrotyloma,uniflorum,Fabaceae,herb
Malpighia_glabra,Malpighia,glabra,Malpighiaceae,woody
Malpighia_urens,Malpighia,urens,Malpighiaceae,woody
Malus_prunifolia,Malus,prunifolia,Rosaceae,woody
Malus_pumila,Malus,pumila,Rosaceae,woody
Malus_turkmenorum,Malus,turkmenorum,Rosaceae,woody
Malva_sylvestris,Malva,sylvestris,Malvaceae,herb
Malva_verticillata,Malva,verticillata,Malvaceae,herb
Mangifera_caesia,Mangifera,caesia,Anacardiaceae,woody
Mangifera_foetida,Mangifera,foetida,Anacardiaceae,woody
Mangifera_indica,Mangifera,indica,Anacardiaceae,woody
Mangifera_odorata,Mangifera,odorata,Anacardiaceae,woody
Manihot_esculenta,Manihot,esculenta,Euphorbiaceae,woody
Manilkara_zapota,Manilkara,zapota,Sapotaceae,woody
Maranta_arundinacea,Maranta,arundinacea,Marantaceae,herb
Melicoccus_bijugatus,Melicoccus,bijugatus,Sapindaceae,woody
Melilotus_macrorhizus,Melilotus,macrorhizus,Fabaceae,herb
Mentha_suaveolens,Mentha,suaveolens,Lamiaceae,herb
Mesua_ferrea,Mesua,ferrea,Calophyllaceae,woody
Metroxylon_sagu,Metroxylon,sagu,Arecaceae,woody
Miscanthus_sacchariflorus,Miscanthus,sacchariflorus,Poaceae,graminoid
Momordica_charantia,Momordica,charantia,Cucurbitaceae,herb
Moringa_oleifera,Moringa,oleifera,Moringaceae,woody
Morus_alba,Morus,alba,Moraceae,woody
Mucuna_pachylobia,Mucuna,pachylobia,Fabaceae,woody
Mucuna_pruriens,Mucuna,pruriens,Fabaceae,woody
Mukia_maderaspatana,Mukia,maderaspatana,Cucurbitaceae,herb
Muntingia_calabura,Muntingia,calabura,Muntingiaceae,woody
Murraya_koenigii,Murraya,koenigii,Rutaceae,woody
Musa_acuminata,Musa,acuminata,Musaceae,herb
Musa_balbisiana,Musa,balbisiana,Musaceae,herb
Myrceugenia_lanceolata,Myrceugenia,lanceolata,Myrtaceae,woody
Myrica_rubra,Myrica,rubra,Myricaceae,woody
Myristica_fragrans,Myristica,fragrans,Myristicaceae,woody
Myrrhis_odorata,Myrrhis,odorata,Apiaceae,herb
Nasturtium_officinale,Nasturtium,officinale,Brassicaceae,herb
Nephelium_lappaceum,Nephelium,lappaceum,Sapindaceae,woody
Nephelium_mutabile,Nephelium,mutabile,Sapindaceae,woody
Nigella_sativa,Nigella,sativa,Ranunculaceae,herb
Oenanthe_javanica,Oenanthe,javanica,Apiaceae,herb
Olea_europaea,Olea,europaea,Oleaceae,woody
Opuntia_boldinghii,Opuntia,boldinghii,Cactaceae,woody
Opuntia_crystalenia,Opuntia,crystalenia,Cactaceae,woody
Opuntia_dillenii,Opuntia,dillenii,Cactaceae,woody
Opuntia_elatior,Opuntia,elatior,Cactaceae,woody
Opuntia_engelmannii,Opuntia,engelmannii,Cactaceae,woody
Opuntia_ficus-indica,Opuntia,ficus-indica,Cactaceae,woody
Opuntia_fusicaulis,Opuntia,fusicaulis,Cactaceae,woody
Opuntia_hyptiacantha,Opuntia,hyptiacantha,Cactaceae,woody
Opuntia_leucotricha,Opuntia,leucotricha,Cactaceae,woody
Opuntia_robusta,Opuntia,robusta,Cactaceae,woody
Opuntia_undulata,Opuntia,undulata,Cactaceae,woody
Origanum_majorana,Origanum,majorana,Lamiaceae,woody
Origanum_vulgare,Origanum,vulgare,Lamiaceae,herb
Oryza_glaberrima,Oryza,glaberrima,Poaceae,graminoid
Oryza_meyeriana,Oryza,meyeriana,Poaceae,graminoid
Oryza_minuta,Oryza,minuta,Poaceae,graminoid
Oryza_sativa,Oryza,sativa,Poaceae,graminoid
Osmanthus_fragrans,Osmanthus,fragrans,Oleaceae,woody
Oxalis_deppei,Oxalis,deppei,Oxalidaceae,herb
Oxalis_tuberosa,Oxalis,tuberosa,Oxalidaceae,herb
Pachyrhizus_ahipa,Pachyrhizus,ahipa,Fabaceae,herb
Pachyrhizus_erosus,Pachyrhizus,erosus,Fabaceae,herb
Pachyrhizus_tuberosus,Pachyrhizus,tuberosus,Fabaceae,herb
Pandanus_amaryllifolius,Pandanus,amaryllifolius,Pandanaceae,woody
Pandanus_brosimos,Pandanus,brosimos,Pandanaceae,woody
Pandanus_tectorius,Pandanus,tectorius,Pandanaceae,woody
Pangium_edule,Pangium,edule,Achariaceae,woody
Panicum_antidotale,Panicum,antidotale,Poaceae,graminoid
Panicum_hirticaule,Panicum,hirticaule,Poaceae,graminoid
Panicum_miliaceum,Panicum,miliaceum,Poaceae,graminoid
Paspalum_distichum,Paspalum,distichum,Poaceae,graminoid
Paspalum_scrobiculatum,Paspalum,scrobiculatum,Poaceae,graminoid
Passiflora_alata,Passiflora,alata,Passifloraceae,woody
Passiflora_antioquiensis,Passiflora,antioquiensis,Passifloraceae,woody
Passiflora_caerulea,Passiflora,caerulea,Passifloraceae,woody
Passiflora_edulis,Passiflora,edulis,Passifloraceae,woody
Passiflora_laurifolia,Passiflora,laurifolia,Passifloraceae,woody
Passiflora_ligularis,Passiflora,ligularis,Passifloraceae,woody
Passiflora_maliformis,Passiflora,maliformis,Passifloraceae,woody
Passiflora_mollissima,Passiflora,mollissima,Passifloraceae,woody
Passiflora_pinnatistipula,Passiflora,pinnatistipula,Passifloraceae,woody
Passiflora_quadrangularis,Passiflora,quadrangularis,Passifloraceae,woody
Pastinaca_sativa,Pastinaca,sativa,Apiaceae,herb
Paullinia_cupana,Paullinia,cupana,Sapindaceae,woody
Peperomia_pellucida,Peperomia,pellucida,Piperaceae,herb
Pereskia_aculeata,Pereskia,aculeata,Cactaceae,woody
Perilla_frutescens,Perilla,frutescens,Lamiaceae,herb
Persea_americana,Persea,americana,Lauraceae,woody
Persea_schiedeana,Persea,schiedeana,Lauraceae,woody
Petasites_japonicus,Petasites,japonicus,Asteraceae,herb
Phaseolus_acutifolius,Phaseolus,acutifolius,Fabaceae,herb
Phaseolus_coccineus,Phaseolus,coccineus,Fabaceae,herb
Phaseolus_lunatus,Phaseolus,lunatus,Fabaceae,herb
Phaseolus_ritensis,Phaseolus,ritensis,Fabaceae,herb
Phaseolus_vulgaris,Phaseolus,vulgaris,Fabaceae,herb
Phleum_pratense,Phleum,pratense,Poaceae,graminoid
Phoenix_atlantica,Phoenix,atlantica,Arecaceae,woody
Phoenix_dactylifera,Phoenix,dactylifera,Arecaceae,woody
Phoenix_sylvestris,Phoenix,sylvestris,Arecaceae,woody
Phragmites_australis,Phragmites,australis,Poaceae,graminoid
Phyllanthus_distichus,Phyllanthus,distichus,Phyllanthaceae,woody
Phyllanthus_emblica,Phyllanthus,emblica,Phyllanthaceae,woody
Phyllostachys_dulcis,Phyllostachys,dulcis,Poaceae,graminoid
Phyllostachys_nigra,Phyllostachys,nigra,Poaceae,graminoid
Physalis_alkekengi,Physalis,alkekengi,Solanaceae,herb
Physalis_ixocarpa,Physalis,ixocarpa,Solanaceae,herb
Physalis_peruviana,Physalis,peruviana,Solanaceae,herb
Physalis_pubescens,Physalis,pubescens,Solanaceae,herb
Pimenta_dioica,Pimenta,dioica,Myrtaceae,woody
Piper_guineense,Piper,guineense,Piperaceae,woody
Piper_longum,Piper,longum,Piperaceae,woody
Piper_nigrum,Piper,nigrum,Piperaceae,woody
Piper_retrofractum,Piper,retrofractum,Piperaceae,woody
Pisonia_umbellifera,Pisonia,umbellifera,Nyctaginaceae,woody
Pistacia_vera,Pistacia,vera,Anacardiaceae,woody
Pithecellobium_dulce,Pithecellobium,dulce,Fabaceae,woody
Plectranthus_amboinicus,Plectranthus,amboinicus,Lamiaceae,herb
Plinia_cauliflora,Plinia,cauliflora,Myrtaceae,woody
Polygala_butyracea,Polygala,butyracea,Polygalaceae,herb
Polygonum_odoratum,Polygonum,odoratum,Polygonaceae,herb
Polymnia_sonchifolia,Polymnia,sonchifolia,Asteraceae,herb
Polyscias_fruticosa,Polyscias,fruticosa,Araliaceae,woody
Portulaca_oleracea,Portulaca,oleracea,Portulacaceae,herb
Pouteria_caimito,Pouteria,caimito,Sapotaceae,woody
Pouteria_campechiana,Pouteria,campechiana,Sapotaceae,woody
Pouteria_lucuma,Pouteria,lucuma,Sapotaceae,woody
Pouteria_macrophylla,Pouteria,macrophylla,Sapotaceae,woody
Pouteria_procera,Pouteria,procera,Sapotaceae,woody
Pouteria_sapota,Pouteria,sapota,Sapotaceae,woody
Pouteria_viridis,Pouteria,viridis,Sapotaceae,woody
Proboscidea_louisianica,Proboscidea,louisianica,Martyniaceae,herb
Prosopis_strombulifera,Prosopis,strombulifera,Fabaceae,woody
Prunus_americana,Prunus,americana,Rosaceae,woody
Prunus_angustifolia,Prunus,angustifolia,Rosaceae,woody
Prunus_armeniaca,Prunus,armeniaca,Rosaceae,woody
Prunus_chicasa,Prunus,chicasa,Rosaceae,woody
Prunus_munsoniana,Prunus,munsoniana,Rosaceae,woody
Prunus_nigra,Prunus,nigra,Rosaceae,woody
Prunus_persica,Prunus,persica,Rosaceae,woody
Prunus_pseudocerasus,Prunus,pseudocerasus,Rosaceae,woody
Prunus_salicina,Prunus,salicina,Rosaceae,woody
Prunus_simonii,Prunus,simonii,Rosaceae,woody
Prunus_tomentosa,Prunus,tomentosa,Rosaceae,woody
Prunus_ussuriensis,Prunus,ussuriensis,Rosaceae,woody
Psidium_acutangulum,Psidium,acutangulum,Myrtaceae,woody
Psidium_cattleianum,Psidium,cattleianum,Myrtaceae,woody
Psidium_friedrichsthalianum,Psidium,friedrichsthalianum,Myrtaceae,woody
Psidium_guajava,Psidium,guajava,Myrtaceae,woody
Psidium_guineense,Psidium,guineense,Myrtaceae,woody
Psidium_sartorianum,Psidium,sartorianum,Myrtaceae,woody
Psophocarpus_tetragonolobus,Psophocarpus,tetragonolobus,Fabaceae,herb
Pueraria_montana,Pueraria,montana,Fabaceae,herb
Pugionium_cornutum,Pugionium,cornutum,Brassicaceae,herb
Pyracantha_coccinea,Pyracantha,coccinea,Rosaceae,woody
Pyrus_bretschneideri,Pyrus,bretschneideri,Rosaceae,woody
Quararibea_cordata,Quararibea,cordata,Malvaceae,woody
Raphanus_raphanistrum,Raphanus,raphanistrum,Brassicaceae,herb
Rhodomyrtus_tomentosa,Rhodomyrtus,tomentosa,Myrtaceae,woody
Ribes_longiracemosum,Ribes,longiracemosum,Grossulariaceae,woody
Ribes_nigrum,Ribes,nigrum,Grossulariaceae,woody
Ribes_petraeum,Ribes,petraeum,Grossulariaceae,woody
Ribes_sativum,Ribes,sativum,Grossulariaceae,woody
Ribes_spicatum,Ribes,spicatum,Grossulariaceae,woody
Ribes_uva-crispa,Ribes,uva-crispa,Grossulariaceae,woody
Rollinia_dolabripetala,Rollinia,dolabripetala,Annonaceae,woody
Rollinia_longifolia,Rollinia,longifolia,Annonaceae,woody
Rollinia_mucosa,Rollinia,mucosa,Annonaceae,woody
Rolliniopsis_discreta,Rolliniopsis,discreta,Annonaceae,woody
Rorippa_indica,Rorippa,indica,Brassicaceae,herb
Rubus_brasiliensis,Rubus,brasiliensis,Rosaceae,woody
Rubus_chamaemorus,Rubus,chamaemorus,Rosaceae,woody
Rubus_glaucus,Rubus,glaucus,Rosaceae,woody
Rubus_idaeus,Rubus,idaeus,Rosaceae,woody
Rubus_illecebrosus,Rubus,illecebrosus,Rosaceae,woody
Rubus_laciniatus,Rubus,laciniatus,Rosaceae,woody
Rubus_phoenicolasius,Rubus,phoenicolasius,Rosaceae,woody
Rubus_rosifolius,Rubus,rosifolius,Rosaceae,woody
Rubus_wardii,Rubus,wardii,Rosaceae,woody
Rumex_acetosa,Rumex,acetosa,Polygonaceae,herb
Rumex_alpinus,Rumex,alpinus,Polygonaceae,herb
Rumex_hymenosepalus,Rumex,hymenosepalus,Polygonaceae,herb
Rumex_obtusifolius,Rumex,obtusifolius,Polygonaceae,herb
Rumex_patientia,Rumex,patientia,Polygonaceae,herb
Rumex_scutatus,Rumex,scutatus,Polygonaceae,herb
Saccharum_officinarum,Saccharum,officinarum,Poaceae,graminoid
Sagittaria_sagittifolia,Sagittaria,sagittifolia,Alismataceae,herb
Salacca_zalacca,Salacca,zalacca,Arecaceae,woody
Salsola_komarovii,Salsola,komarovii,Amaranthaceae,herb
Salsola_soda,Salsola,soda,Amaranthaceae,herb
Salvia_hispanica,Salvia,hispanica,Lamiaceae,herb
Sambucus_nigra,Sambucus,nigra,Adoxaceae,woody
Sanguisorba_minor,Sanguisorba,minor,Rosaceae,herb
Sanguisorba_officinalis,Sanguisorba,officinalis,Rosaceae,herb
Sauropus_androgynus,Sauropus,androgynus,Asparagaceae,herb
Saussurea_costus,Saussurea,costus,Phyllanthaceae,herb
Schoenoplectus_californicus,Schoenoplectus,californicus,Cyperaceae,graminoid
Sechium_edule,Sechium,edule,Cucurbitaceae,herb
Sechium_tacaco,Sechium,tacaco,Cucurbitaceae,herb
Sedum_rupestre,Sedum,rupestre,Crassulaceae,herb
Semecarpus_anacardium,Semecarpus,anacardium,Anacardiaceae,woody
Sesamum_alatum,Sesamum,alatum,Pedaliaceae,herb
Sesamum_indicum,Sesamum,indicum,Pedaliaceae,herb
Sesamum_radiatum,Sesamum,radiatum,Pedaliaceae,herb
Setaria_italica,Setaria,italica,Poaceae,graminoid
Setaria_macrostachya,Setaria,macrostachya,Poaceae,graminoid
Setaria_parviflora,Setaria,parviflora,Poaceae,graminoid
Sida_rhombifolia,Sida,rhombifolia,Malvaceae,woody
Sinapis_alba,Sinapis,alba,Brassicaceae,herb
Smallanthus_sonchifolius,Smallanthus,sonchifolius,Asteraceae,herb
Solanum_aethiopicum,Solanum,aethiopicum,Solanaceae,herb
Solanum_anomalum,Solanum,anomalum,Solanaceae,herb
Solanum_chaucha,Solanum,chaucha,Solanaceae,herb
Solanum_curtilobum,Solanum,curtilobum,Solanaceae,herb
Solanum_duplosinuatum,Solanum,duplosinuatum,Solanaceae,woody
Solanum_goniocalyx,Solanum,goniocalyx,Solanaceae,herb
Solanum_incanum,Solanum,incanum,Solanaceae,woody
Solanum_macrocarpon,Solanum,macrocarpon,Solanaceae,woody
Solanum_muricatum,Solanum,muricatum,Solanaceae,herb
Solanum_phureja,Solanum,phureja,Solanaceae,herb
Solanum_quitoense,Solanum,quitoense,Solanaceae,woody
Solanum_sessiliflorum,Solanum,sessiliflorum,Solanaceae,woody
Solanum_stenotomum,Solanum,stenotomum,Solanaceae,herb
Solanum_tuberosum,Solanum,tuberosum,Solanaceae,herb
Solanum_uporo,Solanum,uporo,Solanaceae,herb
Sorbus_domestica,Sorbus,domestica,Rosaceae,woody
Sorghum_bicolor,Sorghum,bicolor,Poaceae,graminoid
Spilanthes_acmella,Spilanthes,acmella,Asteraceae,herb
Spondias_dulcis,Spondias,dulcis,Anacardiaceae,woody
Spondias_lakonensis,Spondias,lakonensis,Anacardiaceae,woody
Spondias_mombin,Spondias,mombin,Anacardiaceae,woody
Spondias_pinnata,Spondias,pinnata,Anacardiaceae,woody
Spondias_purpurea,Spondias,purpurea,Anacardiaceae,woody
Spondias_radlkoferi,Spondias,radlkoferi,Anacardiaceae,woody
Stachys_affinis,Stachys,affinis,Lamiaceae,herb
Stelechocarpus_burahol,Stelechocarpus,burahol,Annonaceae,woody
Stenocereus_griseus,Stenocereus,griseus,Cactaceae,woody
Stenocereus_pruinosus,Stenocereus,pruinosus,Cactaceae,woody
Stenocereus_stellatus,Stenocereus,stellatus,Cactaceae,woody
Stevia_rebaudiana,Stevia,rebaudiana,Asteraceae,herb
Stizolobium_pachylobium,Stizolobium,pachylobium,Fabaceae,herb
Suaeda_glauca,Suaeda,glauca,Amaranthaceae,herb
Syzygium_aromaticum,Syzygium,aromaticum,Myrtaceae,woody
Syzygium_cumini,Syzygium,cumini,Myrtaceae,woody
Syzygium_formosum,Syzygium,formosum,Myrtaceae,woody
Syzygium_jambos,Syzygium,jambos,Myrtaceae,woody
Syzygium_malaccense,Syzygium,malaccense,Myrtaceae,woody
Syzygium_samarangense,Syzygium,samarangense,Myrtaceae,woody
Tacca_leontopetaloides,Tacca,leontopetaloides,Dioscoreaceae,herb
Talinum_fruticosum,Talinum,fruticosum,Talinaceae,herb
Talinum_paniculatum,Talinum,paniculatum,Talinaceae,herb
Talinum_portulacifolium,Talinum,portulacifolium,Talinaceae,herb
Tanacetum_vulgare,Tanacetum,vulgare,Asteraceae,herb
Taraxacum_campylodes,Taraxacum,campylodes,Asteraceae,herb
Terminalia_catappa,Terminalia,catappa,Combretaceae,woody
Theobroma_cacao,Theobroma,cacao,Malvaceae,woody
Theobroma_grandiflorum,Theobroma,grandiflorum,Malvaceae,woody
Theobroma_microcarpum,Theobroma,microcarpum,Malvaceae,woody
Trichosanthes_cucumerina,Trichosanthes,cucumerina,Cucurbitaceae,herb
Trichosanthes_japonica,Trichosanthes,japonica,Cucurbitaceae,herb
Trichosanthes_kadam,Trichosanthes,kadam,Cucurbitaceae,herb
Trichosanthes_pilosa,Trichosanthes,pilosa,Cucurbitaceae,herb
Trifolium_alexandrinum,Trifolium,alexandrinum,Fabaceae,herb
Trifolium_ambiguum,Trifolium,ambiguum,Fabaceae,herb
Trifolium_fragiferum,Trifolium,fragiferum,Fabaceae,herb
Trifolium_hybridum,Trifolium,hybridum,Fabaceae,herb
Trifolium_incarnatum,Trifolium,incarnatum,Fabaceae,herb
Trifolium_pannonicum,Trifolium,pannonicum,Fabaceae,herb
Trifolium_pratense,Trifolium,pratense,Fabaceae,herb
Trifolium_repens,Trifolium,repens,Fabaceae,herb
Trifolium_resupinatum,Trifolium,resupinatum,Fabaceae,herb
Trifolium_semipilosum,Trifolium,semipilosum,Fabaceae,herb
Trifolium_subterraneum,Trifolium,subterraneum,Fabaceae,herb
Trigonella_foenum-graecum,Trigonella,foenum-graecum,Fabaceae,herb
Triphasia_trifolia,Triphasia,trifolia,Rutaceae,woody
Triticum_aestivum,Triticum,aestivum,Poaceae,graminoid
Triticum_boeoticum,Triticum,boeoticum,Poaceae,graminoid
Triticum_durum,Triticum,durum,Poaceae,graminoid
Triticum_monococcum,Triticum,monococcum,Poaceae,graminoid
Triticum_spelta,Triticum,spelta,Poaceae,graminoid
Triticum_sphaerococcum,Triticum,sphaerococcum,Poaceae,graminoid
Triticum_timopheevii,Triticum,timopheevii,Poaceae,graminoid
Triticum_turgidum,Triticum,turgidum,Poaceae,graminoid
Tropaeolum_leptophyllum,Tropaeolum,leptophyllum,Tropaeolaceae,herb
Tropaeolum_tuberosum,Tropaeolum,tuberosum,Tropaeolaceae,herb
Ullucus_tuberosus,Ullucus,tuberosus,Basellaceae,herb
Urena_lobata,Urena,lobata,Malvaceae,herb
Vaccinium_ashei,Vaccinium,ashei,Ericaceae,woody
Vaccinium_corymbosum,Vaccinium,corymbosum,Ericaceae,woody
Vaccinium_macrocarpon,Vaccinium,macrocarpon,Ericaceae,woody
Vaccinium_oxycoccos,Vaccinium,oxycoccos,Ericaceae,woody
Valeriana_sambucifolia,Valeriana,sambucifolia,Caprifoliaceae,herb
Valerianella_locusta,Valerianella,locusta,Caprifoliaceae,herb
Vangueria_madagascariensis,Vangueria,madagascariensis,Rubiaceae,woody
Vanilla_planifolia,Vanilla,planifolia,Orchidaceae,herb
Vanilla_pompona,Vanilla,pompona,Orchidaceae,herb
Vasconcellea_pubescens,Vasconcellea,pubescens,Caricaceae,woody
Vicia_benghalensis,Vicia,benghalensis,Fabaceae,herb
Vicia_cracca,Vicia,cracca,Fabaceae,herb
Vicia_ervilia,Vicia,ervilia,Fabaceae,herb
Vicia_faba,Vicia,faba,Fabaceae,herb
Vicia_graminea,Vicia,graminea,Fabaceae,herb
Vicia_hirsuta,Vicia,hirsuta,Fabaceae,herb
Vicia_ludoviciana,Vicia,ludoviciana,Fabaceae,herb
Vicia_monantha,Vicia,monantha,Fabaceae,herb
Vicia_narbonensis,Vicia,narbonensis,Fabaceae,herb
Vicia_pannonica,Vicia,pannonica,Fabaceae,herb
Vicia_sativa,Vicia,sativa,Fabaceae,herb
Vicia_unijuga,Vicia,unijuga,Fabaceae,herb
Vicia_villosa,Vicia,villosa,Fabaceae,herb
Vigna_aconitifolia,Vigna,aconitifolia,Fabaceae,herb
Vigna_angularis,Vigna,angularis,Fabaceae,herb
Vigna_cylindrica,Vigna,cylindrica,Fabaceae,herb
Vigna_mungo,Vigna,mungo,Fabaceae,herb
Vigna_radiata,Vigna,radiata,Fabaceae,herb
Vigna_unguiculata,Vigna,unguiculata,Fabaceae,herb
Vitellaria_paradoxa,Vitellaria,paradoxa,Sapotaceae,woody
Vitex_doniana,Vitex,doniana,Lamiaceae,woody
Xanthium_strumarium,Xanthium,strumarium,Asteraceae,herb
Xanthosoma_belophyllum,Xanthosoma,belophyllum,Araceae,herb
Xanthosoma_brasiliense,Xanthosoma,brasiliense,Araceae,herb
Xanthosoma_caracu,Xanthosoma,caracu,Araceae,herb
Xanthosoma_poeppigii,Xanthosoma,poeppigii,Araceae,herb
Xanthosoma_sagittifolium,Xanthosoma,sagittifolium,Araceae,herb
Xanthosoma_undipes,Xanthosoma,undipes,Araceae,herb
Zanthoxylum_bungeanum,Zanthoxylum,bungeanum,Rutaceae,woody
Zea_mays,Zea,mays,Poaceae,graminoid
Zea_mexicana,Zea,mexicana,Poaceae,graminoid
Zingiber_mioga,Zingiber,mioga,Zingiberaceae,herb
Zingiber_officinale,Zingiber,officinale,Zingiberaceae,herb
Zizania_latifolia,Zizania,latifolia,Poaceae,graminoid
Agropyron_cristatum,Agropyron,cristatum,Poaceae,graminoid
Arachis_hypogaea,Arachis,hypogaea,Fabaceae,herb
Artocarpus_altilis,Artocarpus,altilis,Moraceae,woody
Brassica_carinata,Brassica,carinata,Brassicaceae,herb
Carthamus_tinctorius,Carthamus,tinctorius,Asteraceae,herb
Corylus_maxima,Corylus,maxima,Betulaceae,woody
Crambe_hispanica,Crambe,hispanica,Brassicaceae,herb
Cynara_cardunculus,Cynara,cardunculus,Asteraceae,herb
Digitaria_exilis,Digitaria,exilis,Poaceae,graminoid
Dioscorea_cayennensis,Dioscorea,cayennensis,Dioscoreaceae,herb
Dioscorea_dumetorum,Dioscorea,dumetorum,Dioscoreaceae,herb
Elymus_hispidus,Elymus,hispidus,Poaceae,graminoid
Ensete_ventricosum,Ensete,ventricosum,Musaceae,herb
Ficus_carica,Ficus,carica,Moraceae,woody
Gossypium_hirsutum,Gossypium,hirsutum,Malvaceae,woody
Gossypium_herbaceum,Gossypium,herbaceum,Malvaceae,herb
Isatis_tinctoria,Isatis,tinctoria,Brassicaceae,herb
Juglans_nigra,Juglans,nigra,Juglandaceae,woody
Lablab_purpureus,Lablab,purpureus,Fabaceae,herb
Lathyrus_cicera,Lathyrus,cicera,Fabaceae,herb
Lathyrus_ochrus,Lathyrus,ochrus,Fabaceae,herb
Lathyrus_sativus,Lathyrus,sativus,Fabaceae,herb
Lens_culinaris,Lens,culinaris,Fabaceae,herb
Lupinus_albus,Lupinus,albus,Fabaceae,herb
Lupinus_luteus,Lupinus,luteus,Fabaceae,herb
Lupinus_angustifolius,Lupinus,angustifolius,Fabaceae,herb
Malus_domestica,Malus,domestica,Rosaceae,woody
Medicago_sativa,Medicago,sativa,Fabaceae,herb
Medicago_truncatula,Medicago,truncatula,Fabaceae,herb
Pennisetum_glaucum,Pennisetum,glaucum,Poaceae,graminoid
Phaseolus_dumosus,Phaseolus,dumosus,Fabaceae,herb
Pisum_sativum,Pisum,sativum,Fabaceae,herb
Prunus_avium,Prunus,avium,Rosaceae,woody
Prunus_cerasifera,Prunus,cerasifera,Rosaceae,woody
Prunus_cerasus,Prunus,cerasus,Rosaceae,woody
Prunus_domestica,Prunus,domestica,Rosaceae,woody
Prunus_dulcis,Prunus,dulcis,Rosaceae,woody
Pyrus_communis,Pyrus,communis,Rosaceae,woody
Pyrus_pyrifolia,Pyrus,pyrifolia,Rosaceae,woody
Ribes_rubrum,Ribes,rubrum,Grossulariaceae,woody
Secale_cereale,Secale,cereale,Poaceae,graminoid
Solanum_lycopersicum,Solanum,lycopersicum,Solanaceae,herb
Solanum_melongena,Solanum,melongena,Solanaceae,herb
Spinacia_oleracea,Spinacia,oleracea,Amaranthaceae,herb
Vicia_articulata,Vicia,articulata,Fabaceae,herb
Vigna_subterranea,Vigna,subterranea,Fabaceae,herb
Vitis_amurensis,Vitis,amurensis,Vitaceae,woody
Vitis_rotundifolia,Vitis,rotundifolia,Vitaceae,woody
Vitis_vinifera,Vitis,vinifera,Vitaceae,woody
Elaeis_oleifera,Elaeis,oleifera,Arecaceae,woody
Musa_textilis,Musa,textilis,Musaceae,herb
Piper_auritum,Piper,auritum,Piperaceae,woody
Euterpe_oleracea,Euterpe,oleracea,Arecaceae,woody
Agave_tequilana,Agave,tequilana,Asparagaceae,herb
Adansonia_digitata,Adansonia,digitata,Malvaceae,woody
Solanum_viride,Solanum,viride,Solanaceae,herb
Diospyros_nigra,Diospyros,nigra,Ebenaceae,woody
Irvingia_gabonensis,Irvingia,gabonensis,Irvingiaceae,woody
Chenopodium_berlandieri,Chenopodium,berlandieri,Amaranthaceae,herb
Actinidia_deliciosa,Actinidia,deliciosa,Actinidiaceae,woody
Luffa_cylindrica,Luffa,cylindrica,Cucurbitaceae,herb
Asimina_triloba,Asimina,triloba,Annonaceae,woody
Stenocereus_queretaroensis,Stenocereus,queretaroensis,Cactaceae,woody
Zizania_palustris,Zizania,palustris,Poaceae,graminoid
Ziziphus_jujuba,Ziziphus,jujuba,Rhamnaceae,woody
Tamarindus_indica,Tamarindus,indica,Fabaceae,woody
Salvia_officinalis,Salvia,officinalis,Lamiaceae,woody
Punica_granatum,Punica,granatum,Lythraceae,woody
Pimpinella_anisum,Pimpinella,anisum,Apiaceae,herb
Petroselinum_crispum,Petroselinum,crispum,Apiaceae,herb
Ocimum_basilicum,Ocimum,basilicum,Lamiaceae,herb
Mentha_spicata,Mentha,spicata,Lamiaceae,herb
Laurus_nobilis,Laurus,nobilis,Lauraceae,woody
Lagenaria_siceraria,Lagenaria,siceraria,Cucurbitaceae,herb
Illicium_verum,Illicium,verum,Schisandraceae,woody
Hylocereus_undatus,Hylocereus,undatus,Cactaceae,woody
Ficus_sycomorus,Ficus,sycomorus,Moraceae,woody
Fagopyrum_esculentum,Fagopyrum,esculentum,Polygonaceae,herb
Eragrostis_tef,Eragrostis,tef,Poaceae,graminoid
Cydonia_oblonga,Cydonia,oblonga,Rosaceae,woody
Curcuma_longa,Curcuma,longa,Zingiberaceae,herb
Curcuma_angustifolia,Curcuma,angustifolia,Zingiberaceae,herb
Cuminum_cyminum,Cuminum,cyminum,Apiaceae,herb
Crocus_sativus,Crocus,sativus,Iridaceae,herb
Corchorus_olitorius,Corchorus,olitorius,Malvaceae,herb
Cola_nitida,Cola,nitida,Malvaceae,woody
Ceratonia_siliqua,Ceratonia,siliqua,Fabaceae,woody
Catha_edulis,Catha,edulis,Celastraceae,woody
Blighia_sapida,Blighia,sapida,Sapindaceae,woody
Apium_graveolens,Apium,graveolens,Apiaceae,herb
Acer_saccharum,Acer,saccharum,Sapindaceae,woody
Actinidia_arguta,Actinidia,arguta,Actinidiaceae,woody
Sclerocarya_birrea,Sclerocarya,birrea,Anacardiaceae,woody
Annona_reticulata,Annona,reticulata,Annonaceae,woody
Carissa_macrocarpa,Carissa,macrocarpa,Apocynaceae,woody
Guizotia_abyssinica,Guizotia,abyssinica,Asteraceae,herb
Dacryodes_edulis,Dacryodes,edulis,Burseraceae,woody
Garcinia_prainiana,Garcinia,prainiana,Clusiaceae,woody
Cucumis_metuliferus,Cucumis,metuliferus,Cucurbitaceae,herb
Parkia_biglobosa,Parkia,biglobosa,Fabaceae,woody
Sphenostylis_stenocarpa,Sphenostylis,stenocarpa,Fabaceae,herb
Tylosema_esculentum,Tylosema,esculentum,Fabaceae,herb
Vigna_reflexopilosa,Vigna,reflexopilosa,Fabaceae,herb
Plectranthus_esculentus,Plectranthus,esculentus,Lamiaceae,herb
Thymus_herba-barona,Thymus,herba-barona,Lamiaceae,woody
Thymus_vulgaris,Thymus,vulgaris,Lamiaceae,woody
Cinnamomum_loureiroi,Cinnamomum,loureiroi,Lauraceae,woody
Barringtonia_procera,Barringtonia,procera,Lecythidaceae,woody
Malpighia_emarginata,Malpighia,emarginata,Malpighiaceae,woody
Hibiscus_cannabinus,Hibiscus,cannabinus,Malvaceae,herb
Hibiscus_sabdariffa,Hibiscus,sabdariffa,Malvaceae,herb
Sandoricum_koetjape,Sandoricum,koetjape,Meliaceae,woody
Morus_nigra,Morus,nigra,Moraceae,woody
Nelumbo_nucifera,Nelumbo,nucifera,Nelumbonaceae,herb
Brachiaria_deflexa,Brachiaria,deflexa,Poaceae,graminoid
Digitaria_iburua,Digitaria,iburua,Poaceae,graminoid
Triticum_dicoccon,Triticum,dicoccon,Poaceae,graminoid
Amelanchier_alnifolia,Amelanchier,alnifolia,Rosaceae,woody
Amelanchier_canadensis,Amelanchier,canadensis,Rosaceae,woody
Eriobotrya_japonica,Eriobotrya,japonica,Rosaceae,woody
Rubus_occidentalis,Rubus,occidentalis,Rosaceae,woody
Genipa_americana,Genipa,americana,Rubiaceae,woody
Dovyalis_caffra,Dovyalis,caffra,Salicaceae,woody
Talisia_esculenta,Talisia,esculenta,Sapindaceae,woody
Jaltomata_procumbens,Jaltomata,procumbens,Solanaceae,herb
Lycianthes_moziniana,Lycianthes,moziniana,Solanaceae,woody
Lycium_chinense,Lycium,chinense,Solanaceae,woody
Physalis_philadelphica,Physalis,philadelphica,Solanaceae,herb
Solanum_betaceum,Solanum,betaceum,Solanaceae,woody
Solanum_scabrum,Solanum,scabrum,Solanaceae,herb
Typha_latifolia,Typha,latifolia,Typhaceae,herb
Hemerocallis_fulva,Hemerocallis,fulva,Xanthorrhoeaceae,herb
Aframomum_melegueta,Aframomum,melegueta,Zingiberaceae,herb
Balanites_aegyptiaca,Balanites,aegyptiaca,Zygophyllaceae,woody
Iva_annua,Iva,annua,Asteraceae,herb
Canarium_ovatum,Canarium,ovatum,Burseraceae,woody
Cannabis_sativa,Cannabis,sativa,Cannabaceae,herb
Cinnamomum_cassia,Cinnamomum,cassia,Lauraceae,woody
Lolium_perenne,Lolium,perenne,Poaceae,graminoid
Phytolacca_acinosa,Phytolacca,acinosa,Phytolaccaceae,herb
Plantago_major,Plantago,major,Plantaginaceae,herb
Persicaria_hydropiper,Persicaria,hydropiper,Polygonaceae,herb
Polygonum_maximowiczii,Polygonum,maximowiczii,Polygonaceae,herb
Rheum_officinale,Rheum,officinale,Polygonaceae,herb
Rheum_rhabarbarum,Rheum,rhabarbarum,Polygonaceae,herb
Hovenia_dulcis,Hovenia,dulcis,Rhamnaceae,woody
Amygdalus_besseriana,Amygdalus,besseriana,Rosaceae,woody
Prunus_kansuensis,Prunus,kansuensis,Rosaceae,woody
Prunus_mira,Prunus,mira,Rosaceae,woody
Prunus_mume,Prunus,mume,Rosaceae,woody
Chaenomeles_sinensis,Chaenomeles,sinensis,Rosaceae,woody
Crataegus_hupehensis,Crataegus,hupehensis,Rosaceae,woody
Duchesnea_filipendula,Duchesnea,filipendula,Rosaceae,herb
Malus_asiatica,Malus,asiatica,Rosaceae,woody
Malus_baccata,Malus,baccata,Rosaceae,woody
Malus_hupehensis,Malus,hupehensis,Rosaceae,woody
Malus_micromalus,Malus,micromalus,Rosaceae,woody
Malus_sieboldii,Malus,sieboldii,Rosaceae,woody
Malus_spectabilis,Malus,spectabilis,Rosaceae,woody
Prunus_cantabrigiensis,Prunus,cantabrigiensis,Rosaceae,woody
Dimocarpus_longan,Dimocarpus,longan,Sapindaceae,woody
Sapindus_mukorossi,Sapindus,mukorossi,Sapindaceae,woody
Veronica_anagallis,Veronica,anagallis,Plantaginaceae,herb
Tetragonia_tetragonioides,Tetragonia,tetragonioides,Aizoaceae,herb
Camellia_japonica,Camellia,japonica,Theaceae,woody
Trapa_natans,Trapa,natans,Lythraceae,herb
Angelica_japonica,Angelica,japonica,Apiaceae,herb
Cryptotaenia_japonica,Cryptotaenia,japonica,Apiaceae,herb
Boehmeria_nivea,Boehmeria,nivea,Urticaceae,herb
Viola_arcuata,Viola,arcuata,Violaceae,herb
Vitis_davidii,Vitis,davidii,Vitaceae,woody
Alpinia_officinarum,Alpinia,officinarum,Zingiberaceae,herb
Alpinia_globosa,Alpinia,globosa,Zingiberaceae,herb
Neptunia_oleracea,Neptunia,oleracea,Fabaceae,herb
Parkia_speciosa,Parkia,speciosa,Fabaceae,woody
Peltophorum_pterocarpum,Peltophorum,pterocarpum,Fabaceae,woody
Vigna_umbellata,Vigna,umbellata,Fabaceae,herb
Archidendron_bigeminum,Archidendron,bigeminum,Fabaceae,woody
Pithecellobium_jiringa,Pithecellobium,jiringa,Fabaceae,woody
Archidendron_jiringa,Archidendron,jiringa,Fabaceae,woody
Pueraria_phaseoloides,Pueraria,phaseoloides,Fabaceae,herb
Sesbania_grandiflora,Sesbania,grandiflora,Fabaceae,woody
Wolffia_arrhiza,Wolffia,arrhiza,Araceae,herb
Lansium_parasiticum,Lansium,parasiticum,Meliaceae,woody
Azadirachta_indica,Azadirachta,indica,Meliaceae,woody
Broussonetia_luzonica,Broussonetia,luzonica,Moraceae,woody
Artocarpus_camansi,Artocarpus,camansi,Moraceae,woody
Artocarpus_lacucha,Artocarpus,lacucha,Moraceae,woody
Artocarpus_rigidus,Artocarpus,rigidus,Moraceae,woody
Jatropha_curcas,Jatropha,curcas,Euphorbiaceae,woody
Jatropha_multifida,Jatropha,multifida,Euphorbiaceae,woody
Cnidoscolus_urens,Cnidoscolus,urens,Euphorbiaceae,woody
Omphalea_megacarpa,Omphalea,megacarpa,Euphorbiaceae,woody
Plukenetia_volubilis,Plukenetia,volubilis,Euphorbiaceae,herb
Bromus_mango,Bromus,mango,Poaceae,graminoid
Bromus_catharticus,Bromus,catharticus,Poaceae,graminoid
Cortaderia_selloana,Cortaderia,selloana,Poaceae,graminoid
Eriochloa_polystachya,Eriochloa,polystachya,Poaceae,graminoid
Paspalum_dilatatum,Paspalum,dilatatum,Poaceae,graminoid
Paspalum_notatum,Paspalum,notatum,Poaceae,graminoid
Paspalum_plicatulum,Paspalum,plicatulum,Poaceae,graminoid
Sorghum_almum,Sorghum,almum,Poaceae,graminoid
Tripsacum_dactyloides,Tripsacum,dactyloides,Poaceae,graminoid
Mammea_americana,Mammea,americana,Calophyllaceae,woody
Garcinia_madruno,Garcinia,madruno,Clusiaceae,woody
Juglans_honorei,Juglans,honorei,Juglandaceae,woody
Ocotea_quixos,Ocotea,quixos,Lauraceae,woody
Lecythis_zabucajo,Lecythis,zabucajo,Lecythidaceae,woody
Aeschynomene_americana,Aeschynomene,americana,Fabaceae,herb
Arachis_glabrata,Arachis,glabrata,Fabaceae,herb
Arachis_villosulicarpa,Arachis,villosulicarpa,Fabaceae,herb
Canavalia_plagiosperma,Canavalia,plagiosperma,Fabaceae,herb
Centrosema_pubescens,Centrosema,pubescens,Fabaceae,herb
Crotalaria_micans,Crotalaria,micans,Fabaceae,herb
Desmodium_cinereum,Desmodium,cinereum,Fabaceae,herb
Polianthes_tuberosa,Polianthes,tuberosa,Asparagaceae,herb
Yucca_gigantea,Yucca,gigantea,Asparagaceae,woody
Bomarea_edulis,Bomarea,edulis,Alstroemeriaceae,herb
Amaranthus_hybridus,Amaranthus,hybridus,Amaranthaceae,herb
Amaranthus_hypochondriacus,Amaranthus,hypochondriacus,Amaranthaceae,herb
Cyrtocarpa_procera,Cyrtocarpa,procera,Anacardiaceae,woody
Annona_macroprophyllata,Annona,macroprophyllata,Annonaceae,woody
Annona_montana,Annona,montana,Annonaceae,woody
Annona_purpurea,Annona,purpurea,Annonaceae,woody
Annona_scleroderma,Annona,scleroderma,Annonaceae,woody
Cymbopetalum_penduliflorum,Cymbopetalum,penduliflorum,Annonaceae,woody
Monstera_deliciosa,Monstera,deliciosa,Araceae,herb
Xanthosoma_robustum,Xanthosoma,robustum,Araceae,herb
Crescentia_cujete,Crescentia,cujete,Bignoniaceae,woody
Parmentiera_cereifera,Parmentiera,cereifera,Parmentiera,woody
Parmentiera_aculeata,Parmentiera,aculeata,Parmentiera,woody
Ceiba_pentandra,Ceiba,pentandra,Malvaceae,woody
Bromelia_pinguin,Bromelia,pinguin,Bromeliaceae,herb
Nopalea_cochenillifera,Nopalea,cochenillifera,Cactaceae,herb
Nopalea_dejecta,Nopalea,dejecta,Cactaceae,herb
Theobroma_bicolor,Theobroma,bicolor,Malvaceae,woody
Asclepias_syriaca,Asclepias,syriaca,Apocynaceae,herb
Castanea_dentata,Castanea,dentata,Fagaceae,woody
Castanea_pumila,Castanea,pumila,Fagaceae,woody
Elymus_caninus,Elymus,caninus,Poaceae,graminoid
Elymus_smithii,Elymus,smithii,Poaceae,graminoid
Elymus_spicatus,Elymus,spicatus,Poaceae,graminoid
Bouteloua_curtipendula,Bouteloua,curtipendula,Poaceae,graminoid
Chondrosum_eriopodum,Chondrosum,eriopodum,Poaceae,graminoid
Bouteloua_repens,Bouteloua,repens,Poaceae,graminoid
Chondrosum_gracile,Chondrosum,gracile,Poaceae,graminoid
Bromus_marginatus,Bromus,marginatus,Poaceae,graminoid
Deschampsia_caespitosa,Deschampsia,caespitosa,Poaceae,graminoid
Elymus_canadensis,Elymus,canadensis,Poaceae,graminoid
Panicum_virgatum,Panicum,virgatum,Poaceae,graminoid
Poa_compressa,Poa,compressa,Poaceae,graminoid
Poa_nemoralis,Poa,nemoralis,Poaceae,graminoid
Poa_pratensis,Poa,pratensis,Poaceae,graminoid
Puccinellia_nuttalliana,Puccinellia,nuttalliana,Poaceae,graminoid
Nassella_viridula,Nassella,viridula,Poaceae,graminoid
Zizania_aquatica,Zizania,aquatica,Poaceae,graminoid
Ribes_cynosbati,Ribes,cynosbati,Grossulariaceae,woody
Ribes_aureum,Ribes,aureum,Grossulariaceae,woody
Phacelia_tanacetifolia,Phacelia,tanacetifolia,Boraginaceae,herb
Carya_ovata,Carya,ovata,Juglandaceae,woody
Juglans_hindsii,Juglans,hindsii,Juglandaceae,woody
Mentha_canadensis,Mentha,canadensis,Lamiaceae,herb
Amphicarpaea_bracteata,Amphicarpaea,bracteata,Fabaceae,herb
Apios_americana,Apios,americana,Fabaceae,herb
Gleditsia_triacanthos,Gleditsia,triacanthos,Fabaceae,woody
Lupinus_perennis,Lupinus,perennis,Fabaceae,herb
Lupinus_polyphyllus,Lupinus,polyphyllus,Fabaceae,herb
Coriandrum_sativum,Coriandrum,sativum,Apiaceae,herb
Borago_officinalis,Borago,officinalis,Boraginaceae,herb
Luffa_acutangula,Luffa,acutangula,Cucurbitaceae,herb
Medicago_lupulina,Medicago,lupulina,Fabaceae,herb
Sorghum_drummondii,Sorghum,drummondii,Poaceae,graminoid
Triticum_carthlicum,Triticum,carthlicum,Poaceae,graminoid
Vicia_sepium,Vicia,sepium,Fabaceae,herb
Vicia_tetrasperma,Vicia,tetrasperma,Fabaceae,herb
